Date,Strategy_Return_Gross,Strategy_Return_Net,Benchmark_Return,Turnover,Transaction_Cost,Selected_Stocks,ML_Wealth,EqualWeight_Wealth,NIFTY_Return_5D,NIFTY_Wealth,ML_Excess_Return,ML_Drawdown,EqualWeight_Drawdown,NIFTY_Drawdown,Year
2020-10-21,0.008448214937182622,0.007448214937182622,-0.010523823910534053,1.0,0.001,"ADANIENT.NS, APOLLOHOSP.NS, INDUSINDBK.NS, TATASTEEL.NS, TRENT.NS",1.0074482149371826,0.9894761760894659,-0.018967875872242246,0.9810321241277578,0.017972038847716674,0.0,0.0,0.0,2020
2020-10-28,0.03751298559650053,0.03711298559650053,0.04993402396286609,0.4,0.0004,"ADANIENT.NS, APOLLOHOSP.NS, HEROMOTOCO.NS, JSWSTEEL.NS, TRENT.NS",1.0448376260273664,1.0388847031770023,0.03851492678500579,1.018816504562277,-0.012821038366365563,0.0,0.0,0.0,2020
2020-11-04,0.02472764312274462,0.02412764312274462,0.04057033423422281,0.6,0.0006,"ADANIENT.NS, GRASIM.NS, HCLTECH.NS, RELIANCE.NS, TRENT.NS",1.0700470953893704,1.0810326028157147,0.04706979276035406,1.0667719862928517,-0.016442691111478187,0.0,0.0,0.0,2020
2020-11-11,0.057120274745082245,0.05632027474508224,0.022030164864807137,0.8,0.0008,"APOLLOHOSP.NS, AXISBANK.NS, EICHERMOT.NS, INDUSINDBK.NS, TRENT.NS",1.1303124417918768,1.1048479292799764,0.013257635656489963,1.0809148606156724,0.0342901098802751,0.0,0.0,0.0,2020
2020-11-18,0.0246933549725647,0.0240933549725647,0.03307954085377274,0.6,0.0006,"APOLLOHOSP.NS, HEROMOTOCO.NS, INDUSINDBK.NS, KOTAKBANK.NS, M&M.NS",1.1575454606818747,1.1413957914937995,0.0168575680132641,1.099136456395049,-0.008986185881208038,0.0,0.0,0.0,2020
2020-11-25,0.011610050736344081,0.011010050736344082,0.041347862897189586,0.6,0.0006,"APOLLOHOSP.NS, AXISBANK.NS, DRREDDY.NS, HCLTECH.NS, KOTAKBANK.NS",1.1702900949336068,1.1885900681919144,0.0209093558702933,1.1221186917118262,-0.030337812160845502,0.0,0.0,0.0,2020
2020-12-03,0.009831107583240758,0.009031107583240758,0.011264589452634664,0.8,0.0008,"HCLTECH.NS, HEROMOTOCO.NS, SHRIRAMFIN.NS, TRENT.NS, ULTRACEMCO.NS",1.1808591106845532,1.2019790473375753,0.01925548483418904,1.1437256311622432,-0.0022334818693939065,0.0,0.0,0.0,2020
2020-12-10,0.025304516485718,0.024504516485718,0.015061075605322171,0.8,0.0008,"APOLLOHOSP.NS, BAJAJFINSV.NS, BAJFINANCE.NS, HDFCBANK.NS, SHRIRAMFIN.NS",1.2097954922296332,1.2200821446455397,0.018255360422344546,1.1646047547833835,0.00944344088039583,0.0,0.0,0.0,2020
2020-12-17,-0.0013465067888769207,-0.0019465067888769206,0.0068907132170133965,0.6,0.0006,"BAJAJFINSV.NS, KOTAKBANK.NS, LT.NS, SHRIRAMFIN.NS, TATASTEEL.NS",1.2074406170908556,1.2284893808054906,0.008186474539456645,1.1741387619569479,-0.008837220005890318,-0.0019465067888768672,0.0,0.0,2020
2020-12-24,0.03325384816285644,0.03305384816285644,0.025025159185300218,0.19999999999999996,0.00019999999999999996,"BAJAJFINSV.NS, KOTAKBANK.NS, ONGC.NS, SHRIRAMFIN.NS, TATASTEEL.NS",1.2473511759138423,1.259232523117599,0.018719559413569842,1.1961181222711763,0.008028688977556223,0.0,0.0,0.0,2020
2021-01-01,0.06779030881323936,0.06739030881323936,0.034299647922060604,0.4,0.0004,"INDUSINDBK.NS, ONGC.NS, POWERGRID.NS, SHRIRAMFIN.NS, TATASTEEL.NS",1.3314105568572332,1.3024237553125406,0.024895782157241975,1.225896418477569,0.03309066089117876,0.0,0.0,0.0,2021
2021-01-08,0.015333581403374683,0.014533581403374683,-0.02509198395148709,0.8,0.0008,"ADANIENT.NS, BHARTIARTL.NS, COALINDIA.NS, ITC.NS, POWERGRID.NS",1.3507607205666303,1.2697433593462029,-0.014045820280812582,1.2086776977007412,0.03962556535486177,0.0,-0.02509198395148704,-0.014045820280812582,2021
2021-01-15,-0.010171802345166939,-0.01097180234516694,0.0014299020549880304,0.8,0.0008,"COALINDIA.NS, HINDALCO.NS, KOTAKBANK.NS, SHRIRAMFIN.NS, WIPRO.NS",1.335940440924958,1.2715589679850392,-0.0029688764077751006,1.2050892829994335,-0.01240170440015497,-0.010971802345166926,-0.023697960975915144,-0.01697299638412808,2021
2021-01-22,0.0607997594246099,0.059999759424609896,0.02704223072991628,0.8,0.0008,"ADANIENT.NS, BAJAJFINSV.NS, BAJFINANCE.NS, SHRIRAMFIN.NS, TATASTEEL.NS",1.4160965459860628,1.305944758983985,0.028720561808217582,1.2397001242362393,0.032957528694693615,0.0,0.0,0.0,2021
2021-02-01,0.06459920765665772,0.06419920765665772,0.04231000922398813,0.4,0.0004,"BAJAJFINSV.NS, BAJFINANCE.NS, HINDALCO.NS, INDUSINDBK.NS, TATASTEEL.NS",1.507008822203698,1.3611992937826163,0.031502930984296906,1.2787543116912778,0.021889198432669593,0.0,0.0,0.0,2021
2021-02-08,0.04591320948647328,0.04531320948647328,0.01948914325405221,0.6,0.0006,"BAJFINANCE.NS, HINDALCO.NS, KOTAKBANK.NS, NTPC.NS, ONGC.NS",1.5752962286621774,1.3877279018164606,0.013511571897042218,1.2960322925123473,0.025824066232421068,0.0,0.0,0.0,2021
2021-02-15,0.030670086674428804,0.029870086674428805,-0.022162036125096214,0.8,0.0008,"BEL.NS, COALINDIA.NS, ITC.NS, ONGC.NS, TATASTEEL.NS",1.6223504635502175,1.3569730259246,-0.039550224338757545,1.2447739245932097,0.052032122799525016,0.0,-0.022162036125096374,-0.039550224338757545,2021
2021-02-22,0.01226839393724956,0.01126839393724956,0.02611968638509351,1.0,0.001,"APOLLOHOSP.NS, AXISBANK.NS, BAJFINANCE.NS, LT.NS, M&M.NS",1.6406317476777807,1.3924167357947819,0.01436651351619278,1.2626569860054824,-0.014851292447843948,0.0,0.0,-0.025751909655095995,2021
2021-03-01,-0.03373828108608704,-0.03473828108608704,0.0014670780354779727,1.0,0.001,"BEL.NS, BHARTIARTL.NS, ONGC.NS, SHRIRAMFIN.NS, WIPRO.NS",1.5836390208681919,1.3944595198040983,0.012018203909392122,1.2778318551309147,-0.036205359121565014,-0.03473828108608701,0.0,-0.014043197446995115,2021
2021-03-08,-0.012205041697202119,-0.012805041697202119,-0.021573214952869124,0.6,0.0006,"APOLLOHOSP.NS, ONGC.NS, SBIN.NS, SHRIRAMFIN.NS, ULTRACEMCO.NS",1.5633604571726585,1.3643765448402898,-0.024976194575661914,1.2459164780821859,0.008768173255667006,-0.047098497645492565,-0.021573214952869124,-0.03866864639075651,2021
2021-03-16,0.0335199410410016,0.0329199410410016,-0.004828794302648673,0.6,0.0006,"ADANIENT.NS, EICHERMOT.NS, HEROMOTOCO.NS, SBIN.NS, SHRIRAMFIN.NS",1.614826191248616,1.3577882511538975,-0.011676918230261513,1.2313680132458849,0.03774873534365027,-0.015729036370100147,-0.02629783663806362,-0.049894033999038134,2021
2021-03-23,0.032898367475986914,0.032698367475986916,0.029117811767343772,0.19999999999999996,0.00019999999999999996,"ADANIENT.NS, BEL.NS, HEROMOTOCO.NS, SBIN.NS, SHRIRAMFIN.NS",1.6676283714599114,1.3973240738709076,0.021853080554087523,1.2582771976310738,0.0035805557086431433,0.0,0.0,-0.029131291789100122,2021
2021-03-31,0.01113174058870992,0.01093174058870992,0.011920144101657348,0.19999999999999996,0.00019999999999999996,"ADANIENT.NS, HEROMOTOCO.NS, HINDALCO.NS, SBIN.NS, SHRIRAMFIN.NS",1.685858452215084,1.413980378188164,-0.0021859982346488227,1.2555266058983534,-0.0009884035129474281,0.0,0.0,-0.031253609071324906,2021
2021-04-08,-0.040569384029309465,-0.04116938402930947,-0.03195442957410023,0.6,0.0006,"ADANIPORTS.NS, BAJAJFINSV.NS, HINDALCO.NS, SBIN.NS, TRENT.NS",1.616452698176784,1.3687974417741906,-0.03204612291870268,1.2152918459580333,-0.009214954455209236,-0.041169384029309364,-0.03195442957410022,-0.062298174992074684,2021
2021-04-16,0.036509122855360045,0.03590912285536004,0.023678628958764245,0.6,0.0006,"ADANIPORTS.NS, BAJAJFINSV.NS, BAJFINANCE.NS, GRASIM.NS, SHRIRAMFIN.NS",1.6744980967054923,1.4012086885176673,0.020446438086525243,1.2401402354434732,0.012230493896595796,-0.006738617642937372,-0.009032437696810058,-0.04312551268342846,2021
2021-04-26,0.025710199893279616,0.025310199893279615,0.0067093735287342,0.4,0.0004,"ADANIPORTS.NS, GRASIM.NS, HINDALCO.NS, JSWSTEEL.NS, SHRIRAMFIN.NS",1.7168799782540247,1.4106099210006402,-0.010683769370484208,1.2268908631809372,0.018600826364545416,0.0,-0.0023836661664587977,-0.053348539022418984,2021
2021-05-03,0.05379317855982603,0.053193178559826026,0.034933497942523,0.6,0.0006,"BAJFINANCE.NS, JSWSTEEL.NS, ONGC.NS, SHRIRAMFIN.NS, TATASTEEL.NS",1.8082062815030813,1.4598874597736187,0.02443693305280581,1.256872313067589,0.01825968061730303,0.0,0.0,-0.030215280646168963,2021
2021-05-10,-0.02992339609254798,-0.03052339609254798,0.010302483882845201,0.6,0.0006,"ADANIENT.NS, COALINDIA.NS, HINDALCO.NS, JSWSTEEL.NS, TATASTEEL.NS",1.7530136849557294,1.474927926798704,0.012080224273184781,1.272055612492202,-0.04082587997539318,-0.03052339609254795,0.0,-0.01850006373966706,2021
2021-05-18,-0.0182463484557178,-0.018446348455717798,0.010036426575007747,0.19999999999999996,0.00019999999999999996,"ADANIENT.NS, HINDALCO.NS, JSWSTEEL.NS, M&M.NS, TATASTEEL.NS",1.7206769836753941,1.4897309326394477,0.01805037192819592,1.2950166894110353,-0.028482775030725545,-0.04840669934789077,0.0,-0.0007836248426674741,2021
2021-05-25,0.048623305383465085,0.04822330538346509,0.01920081792670792,0.4,0.0004,"ADANIENT.NS, JSWSTEEL.NS, SHRIRAMFIN.NS, TATASTEEL.NS, ULTRACEMCO.NS",1.8036537153254721,1.5183349850368426,0.017955814415823612,1.3182697687514942,0.029022487456757166,-0.0025177250096846127,0.0,0.0,2021
2021-06-01,0.00695743439710768,0.00655743439710768,0.01102192698947062,0.4,0.0004,"ADANIENT.NS, HDFCLIFE.NS, JSWSTEEL.NS, TATASTEEL.NS, TCS.NS",1.8154810562388186,1.5350699623874777,0.0037974225626800084,1.32327579611505,-0.0044644925923629395,0.0,0.0,0.0,2021
2021-06-08,-0.0012064594210494002,-0.0014064594210494,0.002649250174137599,0.19999999999999996,0.00019999999999999996,"ADANIENT.NS, JSWSTEEL.NS, NTPC.NS, TATASTEEL.NS, TCS.NS",1.8129276558035348,1.539136746752646,0.008455211978965371,1.334464373477837,-0.004055709595186999,-0.001406459421049444,0.0,0.0,2021
2021-06-15,0.0028563738919975996,0.0024563738919975995,-0.0017256164383504303,0.4,0.0004,"ADANIENT.NS, ADANIPORTS.NS, HINDUNILVR.NS, JSWSTEEL.NS, TATASTEEL.NS",1.817380883965331,1.5364807870815804,-0.005111739640805801,1.3276429390406872,0.00418199033034803,0.0,-0.0017256164383504524,-0.005111739640805801,2021
2021-06-22,0.0023156809436858197,0.0019156809436858197,0.004743434227542592,0.4,0.0004,"ADANIENT.NS, ADANIPORTS.NS, BAJAJFINSV.NS, JSWSTEEL.NS, WIPRO.NS",1.820862405892162,1.5437689826369847,0.0022024551781789636,1.3305670131065501,-0.002827753283856772,0.0,0.0,-0.002920542840068263,2021
2021-06-29,-0.005778970452841,-0.005978970452841,0.012085481320406013,0.19999999999999996,0.00019999999999999996,"ADANIENT.NS, ADANIPORTS.NS, JSWSTEEL.NS, SUNPHARMA.NS, WIPRO.NS",1.8099755233686439,1.5624261738396663,0.010059497543173368,1.343951848705923,-0.018064451773247014,-0.005978970452841015,0.0,0.0,2021
2021-07-06,-0.0098189529546564,-0.010218952954656399,0.004009475927391715,0.4,0.0004,"ADANIENT.NS, ADANIPORTS.NS, HINDALCO.NS, POWERGRID.NS, SUNPHARMA.NS",1.7914794686462603,1.5686906839720032,-0.0016184358395996412,1.3417767488672812,-0.014228428882048113,-0.01613682458972243,0.0,-0.0016184358395996412,2021
2021-07-13,0.0030638655618641006,0.0022638655618641007,-0.0001444846273912174,0.8,0.0008,"BAJAJFINSV.NS, BAJFINANCE.NS, SBILIFE.NS, SUNPHARMA.NS, TATASTEEL.NS",1.7955351373201152,1.5684640322830374,-0.0018859899429884974,1.3392461714131816,0.002408350189255318,-0.013909490629324894,-0.00014448462739125034,-0.003501373428871357,2021
2021-07-20,0.07044963818172449,0.06984963818172449,0.0032141326465116907,0.6,0.0006,"ASIANPAINT.NS, BAJFINANCE.NS, HINDALCO.NS, JSWSTEEL.NS, TATASTEEL.NS",1.9209526170044982,1.5735052837340775,-0.0028816649301427466,1.3353869126881923,0.0666355055352128,0.0,0.0,-0.006372948573996728,2021
2021-07-28,0.023958395338560597,0.022958395338560596,0.02236425991330903,1.0,0.001,"DRREDDY.NS, ITC.NS, NESTLEIND.NS, SBIN.NS, TITAN.NS",1.96505460661233,1.6086955648744714,0.03271230112421564,1.3790704914933851,0.0005941354252515657,0.0,0.0,0.0,2021
2021-08-04,0.015182462247365257,0.014582462247365258,0.003335993764164313,0.6,0.0006,"POWERGRID.NS, SBIN.NS, TATACONSUM.NS, TCS.NS, TITAN.NS",1.9937099412272652,1.6140621632473315,0.004283675752906557,1.3849779823193442,0.011246468483200944,0.0,0.0,0.0,2021
2021-08-11,0.01214378224536484,0.01134378224536484,-0.001932209917948855,0.8,0.0008,"AXISBANK.NS, EICHERMOT.NS, RELIANCE.NS, TCS.NS, TECHM.NS",2.0163261526609664,1.610943456327319,0.005261397137674928,1.392264901511262,0.013275992163313695,0.0,-0.0019322099179488461,0.0,2021
2021-08-18,0.02466941451165864,0.02386941451165864,0.01817285162787246,0.8,0.0008,"APOLLOHOSP.NS, DRREDDY.NS, HDFCLIFE.NS, HINDUNILVR.NS, TECHM.NS",2.064454677389529,1.6402188927400476,0.015482764581623565,1.4138210112166183,0.005696562883786182,0.0,0.0,0.0,2021
2021-08-26,0.05198159915723458,0.05138159915723458,0.041517751077775375,0.6,0.0006,"APOLLOHOSP.NS, BEL.NS, HDFCLIFE.NS, TATASTEEL.NS, TRENT.NS",2.170529660101436,1.7083170924418931,0.03701843854282827,1.4661584574309,0.009863848079459205,0.0,0.0,0.0,2021
2021-09-02,0.005385296223940799,0.004585296223940799,0.003157936168198468,0.8,0.0008,"BAJAJFINSV.NS, BEL.NS, DRREDDY.NS, ONGC.NS, SBIN.NS",2.1804821815558504,1.7137118487748668,0.00182994138572945,1.46884144147019,0.0014273600557423312,0.0,0.0,0.0,2021
2021-09-09,0.0016493022686334998,0.0008493022686334998,0.0010955985423356743,0.8,0.0008,"APOLLOHOSP.NS, BEL.NS, SBILIFE.NS, SHRIRAMFIN.NS, ULTRACEMCO.NS",2.182334070019361,1.715589388978368,0.002396939695792799,1.4723621658280754,-0.00024629627370217455,0.0,0.0,0.0,2021
2021-09-17,0.01851429602195502,0.017714296021955022,0.02446876081971633,0.8,0.0008,"APOLLOHOSP.NS, BAJAJ-AUTO.NS, HINDALCO.NS, TATASTEEL.NS, TECHM.NS",2.2209925817544818,1.7575677354021229,0.026337980241406544,1.51114121145985,-0.006754464797761307,0.0,0.0,0.0,2021
2021-09-24,-0.00012440929428797904,-0.0005244092942879791,0.006201253479423773,0.4,0.0004,"APOLLOHOSP.NS, MARUTI.NS, SBIN.NS, TATASTEEL.NS, TECHM.NS",2.2198278726020653,1.7684668584366083,-0.009176628131997044,1.4972740305073473,-0.006725662773711752,-0.0005244092942878753,0.0,-0.009176628131997044,2021
2021-10-01,-0.0006515053802154391,-0.001251505380215439,0.010166262163759158,0.6,0.0006,"APOLLOHOSP.NS, BAJAJFINSV.NS, COALINDIA.NS, TATACONSUM.NS, TECHM.NS",2.2170497460763516,1.7864455561473946,0.014396903483360424,1.5188301402127036,-0.011417767543974597,-0.0017752583734500504,0.0,0.0,2021
2021-10-08,0.03975478512224246,0.03895478512224246,0.01745923729560395,0.8,0.0008,"NESTLEIND.NS, NTPC.NS, ONGC.NS, TECHM.NS, WIPRO.NS",2.303414442540078,1.817635533027849,0.026345821861348817,1.5588449685243948,0.021495547826638508,0.0,0.0,0.0,2021
2021-10-18,-0.02177243984185072,-0.022572439841850717,-0.0158520491674506,0.8,0.0008,"BHARTIARTL.NS, HCLTECH.NS, HINDALCO.NS, TECHM.NS, TITAN.NS",2.2514207586049917,1.7888222851897864,-0.008162856294536835,1.5461203410608684,-0.006720390674400119,-0.022572439841850866,-0.015852049167450533,-0.008162856294536835,2021
2021-10-25,-0.02581709560889814,-0.02621709560889814,-0.013269783610171679,0.4,0.0004,"HCLTECH.NS, ICICIBANK.NS, KOTAKBANK.NS, TECHM.NS, TITAN.NS",2.1923950453207866,1.765085000548265,-0.020770902966946503,1.514006025481471,-0.01294731199872646,-0.04819775163728912,-0.028911479515392413,-0.028764209365456317,2021
2021-11-01,-0.008178152868692914,-0.008978152868692914,0.017407235683979814,0.8,0.0008,"BAJAJFINSV.NS, INDUSINDBK.NS, ONGC.NS, RELIANCE.NS, TITAN.NS",2.1727113874553314,1.7958102511550664,0.007169230480322364,1.5248602836267444,-0.02638538855267273,-0.056743177723855176,-0.012007512769309558,-0.021801196131659206,2021
2021-11-09,-0.0031430469914671398,-0.00354304699146714,0.002513286030979597,0.4,0.0004,"BAJAJFINSV.NS, BAJFINANCE.NS, BEL.NS, ONGC.NS, TITAN.NS",2.1650133689106816,1.8003236359735844,-0.006579758967288907,1.5148270705016886,-0.006056333022446737,-0.060085180970201435,-0.0095244050524399,-0.028237508483203166,2021
2021-11-16,-0.012258867464487058,-0.012858867464487058,-0.02124488431858849,0.6,0.0006,"BEL.NS, COALINDIA.NS, HINDALCO.NS, MARUTI.NS, ONGC.NS",2.1371737489410165,1.762075968591305,-0.02024735847205661,1.4841558237820656,0.008386016854101433,-0.07217142105601304,-0.03056694448748587,-0.047913131998642666,2021
2021-11-24,-0.023032611217426658,-0.023832611217426657,-0.012968963531399603,0.8,0.0008,"APOLLOHOSP.NS, AXISBANK.NS, INDUSINDBK.NS, ONGC.NS, TITAN.NS",2.086239317878415,1.7392236696150887,-0.0076755069855299896,1.4727641753890113,-0.010863647686027053,-0.09428399885440253,-0.04313948643056098,-0.0552208814048184,2021
2021-12-01,-0.009548303222337778,-0.009948303222337777,0.004622179861917807,0.4,0.0004,"APOLLOHOSP.NS, BAJAJ-AUTO.NS, INDUSINDBK.NS, ONGC.NS, TCS.NS",2.0654847765497975,1.7472626742361541,0.006620016846911492,1.4825138990416142,-0.014570483084255584,-0.10329433626712214,-0.03871670503407609,-0.04896642772310811,2021
2021-12-08,-0.010641252222289422,-0.011441252222289422,-0.013423133856299806,0.8,0.0008,"COALINDIA.NS, HCLTECH.NS, INFY.NS, JSWSTEEL.NS, ONGC.NS",2.0418530442599923,1.723808933477766,-0.01532519972120594,1.4597940774493379,0.0019818816340103837,-0.11355377193504534,-0.05162013937622856,-0.06354120715982337,2021
2021-12-15,-0.04570203875351826,-0.04670203875351826,-0.010448654826187396,1.0,0.001,"ICICIBANK.NS, INDUSINDBK.NS, SBIN.NS, SHRIRAMFIN.NS, TATASTEEL.NS",1.9464943442579727,1.7057974489455585,-0.010192294779146738,1.4449154258951216,-0.036253383927330865,-0.154952618031045,-0.061529433183994064,-0.07308587122497445,2021
2021-12-22,-0.005217242950430601,-0.005617242950430601,0.009562018870741713,0.4,0.0004,"HEROMOTOCO.NS, HINDALCO.NS, INDUSINDBK.NS, SHRIRAMFIN.NS, TATASTEEL.NS",1.9355604126246366,1.722108316342039,0.0076935916251952285,1.4560320151149038,-0.015179261821172314,-0.15969945448018996,-0.05255575991446382,-0.06595457244655567,2021
2021-12-29,0.053412742521303215,0.05261274252130321,0.03299366794800757,0.8,0.0008,"COALINDIA.NS, ICICIBANK.NS, LT.NS, TATASTEEL.NS, TITAN.NS",2.037395554248484,1.7789269863019306,0.03150155612435457,1.501899289357903,0.01961907457329564,-0.11548893823824558,-0.02129609925782927,-0.03653068798778403,2021
2022-01-05,0.0282456900881784,0.027245690088178398,0.027191633845095684,1.0,0.001,"BAJAJFINSV.NS, BEL.NS, GRASIM.NS, SBIN.NS, ULTRACEMCO.NS",2.0929058021065705,1.8272989175506122,0.028846121039619588,1.5452232580480398,5.405624308271392e-05,-0.09138982396991924,0.0,-0.008738335595520619,2022
2022-01-12,-0.026382744618377564,-0.027382744618377565,-0.022947722366852212,1.0,0.001,"APOLLOHOSP.NS, BHARTIARTL.NS, HDFCBANK.NS, M&M.NS, TATASTEEL.NS",2.0355962970171655,1.7853665693094114,-0.027429414267916785,1.5028386891666201,-0.004435022251525353,-0.11627006437781018,-0.022947722366852163,-0.03592806243637581,2022
2022-01-19,-0.017654635423433217,-0.018254635423433217,-0.03318839430124701,0.6,0.0006,"APOLLOHOSP.NS, BHARTIARTL.NS, INDUSINDBK.NS, SHRIRAMFIN.NS, WIPRO.NS",1.9984372287458265,1.726113119634906,-0.03688972130709012,1.4473993887537508,0.014933758877813792,-0.13240223216536728,-0.055374518609872525,-0.07149240753308428,2022
2022-01-27,0.029002955303249756,0.028602955303249755,0.026314491472067505,0.4,0.0004,"INDUSINDBK.NS, INFY.NS, SHRIRAMFIN.NS, TECHM.NS, WIPRO.NS",2.055598439475994,1.7715349086013625,0.0242283237542138,1.4824674497461279,0.002288463831182249,-0.1075863719907939,-0.030517179435534336,-0.04899622497455025,2022
2022-02-03,-0.00850649181731078,-0.008906491817310779,-0.004867386616685302,0.4,0.0004,"ADANIENT.NS, BEL.NS, SHRIRAMFIN.NS, TECHM.NS, WIPRO.NS",2.0372902687951244,1.7629121632962454,-0.008081088753712273,1.4704874987102399,-0.004039105200625477,-0.11553464666631441,-0.03523602714145613,-0.0566813708856464,2022
2022-02-10,-0.0174657095448461,-0.017865709544846103,-0.006169808923378732,0.4,0.0004,"BEL.NS, JSWSTEEL.NS, SHRIRAMFIN.NS, TECHM.NS, ULTRACEMCO.NS",2.0008926325942893,1.7520353321000075,-0.0056662236147282385,1.4621553877198852,-0.011695900621467371,-0.1313362477714537,-0.041188436510153026,-0.06202642517814716,2022
2022-02-17,-0.027935781813053777,-0.028735781813053776,-0.03237056520446761,0.8,0.0008,"APOLLOHOSP.NS, BHARTIARTL.NS, HCLTECH.NS, SHRIRAMFIN.NS, TITAN.NS",1.943395418472713,1.6953209581417332,-0.03576578102272965,1.4098602583014914,0.003634783391413838,-0.15629797982440186,-0.07222570874489864,-0.09557378266033256,2022
2022-02-24,-0.019712225493241496,-0.020312225493241496,-0.0326243940967614,0.6,0.0006,"APOLLOHOSP.NS, HDFCLIFE.NS, SHRIRAMFIN.NS, TECHM.NS, WIPRO.NS",1.9039207325101628,1.6400121390828182,-0.04773867726504821,1.342555394441619,0.012312168603519903,-0.17343544550731205,-0.10249378285564859,-0.13874989395995918,2022
2022-03-04,0.029170578831767262,0.028370578831767263,0.05428495240944601,0.8,0.0008,"BEL.NS, COALINDIA.NS, DRREDDY.NS, SHRIRAMFIN.NS, ULTRACEMCO.NS",1.9579360657412783,1.7290401200038426,0.06355297439661234,1.427878783050601,-0.025914373577678746,-0.14998533065453268,-0.05377270057078554,-0.08401488802171686,2022
2022-03-11,0.00950934868715712,0.00890934868715712,0.022833087688873023,0.6,0.0006,"COALINDIA.NS, INFY.NS, ONGC.NS, SHRIRAMFIN.NS, SUNPHARMA.NS",1.9753800008581281,1.7685194446814696,0.0263286882564302,1.4654729583975112,-0.013923739001715903,-0.1424122535761353,-0.032167409669312974,-0.0598982015609093,2022
2022-03-21,0.00037077587127368054,-0.0004292241287263195,0.004518412279068577,0.8,0.0008,"ADANIENT.NS, HDFCLIFE.NS, ONGC.NS, SBIN.NS, TECHM.NS",1.9745321200983563,1.7765103446560901,0.0005660120267967361,1.4663024337169097,-0.004947636407794896,-0.14278035092940045,-0.027794343009079903,-0.05936609263657955,2022
2022-03-28,0.053064261977710206,0.05266426197771021,0.035447703114756327,0.4,0.0004,"ASIANPAINT.NS, HDFCLIFE.NS, NTPC.NS, ONGC.NS, SBIN.NS",2.07851939695462,1.8394835559337528,0.03648419253183066,1.5197992940185294,0.017216558862953882,-0.09763551075830557,0.0,-0.025047824058364254,2022
2022-04-04,-0.033970462906531065,-0.03477046290653107,-0.007317245744434278,0.8,0.0008,"HDFCBANK.NS, HEROMOTOCO.NS, LT.NS, MARUTI.NS, ONGC.NS",2.006248315362304,1.8260236027121397,-0.023784044465477105,1.483652320030992,-0.02745321716209679,-0.12901114175965467,-0.007317245744434264,-0.04823612996267379,2022
2022-04-11,-0.012500658697974402,-0.013100658697974402,0.0039916852097041,0.6,0.0006,"ADANIENT.NS, HDFCBANK.NS, KOTAKBANK.NS, MARUTI.NS, WIPRO.NS",1.9799651409193564,1.8333125141196565,-0.007855037605645765,1.4719981752634448,-0.0170923439076785,-0.14042166952119983,-0.003354768676343989,-0.055712270953512055,2022
2022-04-20,-0.04144631628435424,-0.04224631628435424,-0.011137299364389395,0.8,0.0008,"APOLLOHOSP.NS, BAJAJFINSV.NS, MARUTI.NS, ONGC.NS, TECHM.NS",1.8963189073440812,1.8128943638214245,-0.0084834257925116,1.4595105879768848,-0.031109016919964844,-0.17673568754178448,-0.014454704977686639,-0.06372306582965725,2022
2022-04-27,-0.040891480650350615,-0.04169148065035062,-0.05053863704260538,0.8,0.0008,"HEROMOTOCO.NS, HINDALCO.NS, INFY.NS, TECHM.NS, TITAN.NS",1.8172585643116512,1.7212731535716685,-0.04835014937483195,1.3889430330340535,0.008847156392254765,-0.21105879569476038,-0.06426282093186675,-0.1089921954530031,2022
2022-05-05,-0.07224997619303418,-0.07284997619303418,-0.04533797859586417,0.6,0.0006,"APOLLOHOSP.NS, BAJAJFINSV.NS, HINDALCO.NS, TITAN.NS, WIPRO.NS",1.68487132116496,1.6432341081774007,-0.03833343647650245,1.335700073507762,-0.02751199759717001,-0.2685331436461008,-0.10668725312781202,-0.14314758652867332,2022
2022-05-12,0.03822344770021614,0.037823447700216145,0.03531080006926804,0.4,0.0004,"APOLLOHOSP.NS, BAJAJFINSV.NS, BAJFINANCE.NS, GRASIM.NS, HINDALCO.NS",1.7485989634626369,1.701258019238255,0.03066755720991665,1.3766627319273512,0.002512647630948106,-0.24086654526035767,-0.07514366532367955,-0.11687001611808623,2022
2022-05-19,-0.017582322545424016,-0.018182322545424016,-0.0005320159441484749,0.6,0.0006,"APOLLOHOSP.NS, ETERNAL.NS, GRASIM.NS, JSWSTEEL.NS, TRENT.NS",1.716805373106365,1.7003529228469099,0.005305484248887771,1.3839665943676227,-0.01765030660127554,-0.25466935458945583,-0.07563570363977401,-0.11218458389888009,2022
2022-05-26,0.06237009316834452,0.06177009316834452,0.013561123401638077,0.6,0.0006,"ADANIENT.NS, ADANIPORTS.NS, ETERNAL.NS, JSWSTEEL.NS, WIPRO.NS",1.8228526009550596,1.723411618659973,0.014178339219401037,1.403588942210886,0.04820896976670644,-0.20863021118122427,-0.06310028534876444,-0.09959683576518474,2022
2022-06-02,-0.017194470468566737,-0.017794470468566737,-0.011693950532015898,0.6,0.0006,"ADANIENT.NS, APOLLOHOSP.NS, HINDALCO.NS, TATASTEEL.NS, WIPRO.NS",1.7904159041788148,1.7032581284450619,-0.02306403999829465,1.3712165107065701,-0.006100519936550839,-0.2227122175180758,-0.07405634426535579,-0.1203637703596876,2022
2022-06-09,-0.08177273896680312,-0.08217273896680312,-0.05847844990221237,0.4,0.0004,"ADANIENT.NS, ETERNAL.NS, HINDALCO.NS, TATASTEEL.NS, TECHM.NS",1.6432925254427162,1.6036542333102513,-0.05606166078071839,1.294343835826418,-0.02369428906459075,-0.2865840835700483,-0.1282040939495056,-0.16967763827621285,2022
2022-06-16,0.01056857032412506,0.01016857032412506,0.0273210742082666,0.4,0.0004,"BAJAJFINSV.NS, ETERNAL.NS, HINDALCO.NS, TECHM.NS, WIPRO.NS",1.6600024610507895,1.6474677896229215,0.026530879131657192,1.3286839156895343,-0.017152503884141537,-0.2793296636534801,-0.10438569330583702,-0.14764845605700694,2022
2022-06-23,-0.02719545988551584,-0.027395459885515838,0.0034941803142196485,0.19999999999999996,0.00019999999999999996,"BAJAJFINSV.NS, ETERNAL.NS, HINDALCO.NS, TATASTEEL.NS, WIPRO.NS",1.614525930219215,1.653224339141733,0.003363205547239456,1.3331525528053092,-0.030889640199735488,-0.29907275894354246,-0.10125625542625283,-0.14478182261621975,2022
2022-06-30,0.02598261415200854,0.025582614152008538,0.031946964231067174,0.4,0.0004,"BAJAJFINSV.NS, BAJFINANCE.NS, TATASTEEL.NS, TECHM.NS, WIPRO.NS",1.6558297241304258,1.7060398379702237,0.02974532270384711,1.3728076057019607,-0.006364350079058636,-0.2811412077869633,-0.07254412116545983,-0.11934308194774323,2022
2022-07-07,-0.00842737848658754,-0.00882737848658754,0.0011100316343904953,0.4,0.0004,"BAJAJFINSV.NS, ETERNAL.NS, ONGC.NS, TATASTEEL.NS, TECHM.NS",1.6412130884461846,1.707933596159901,-0.010566774237090293,1.3583014576615475,-0.009937410120978036,-0.28748684642423894,-0.07151461580045215,-0.12864878478113329,2022
2022-07-14,0.05817617405928468,0.05777617405928468,0.04283845754863084,0.4,0.0004,"BAJAJFINSV.NS, ETERNAL.NS, HINDALCO.NS, TECHM.NS, WIPRO.NS",1.7360361015126273,1.7810988370148775,0.04176214485960861,1.4150270398994267,0.014937716510653842,-0.24632056244371603,-0.0317397340848955,-0.09225928910756687,2022
2022-07-21,0.008609245264448439,0.00820924526444844,0.0272396309741543,0.4,0.0004,"ETERNAL.NS, INDUSINDBK.NS, ONGC.NS, TECHM.NS, WIPRO.NS",1.7502876476578815,1.829615312063658,0.026244930410620704,1.4521643260907338,-0.01903038570970586,-0.24013342309004493,-0.0053646817544316105,-0.06843569731930754,2022
2022-07-28,0.044972426793841544,0.044972426793841544,0.018882162850390596,0.0,0.0,"ETERNAL.NS, INDUSINDBK.NS, ONGC.NS, TECHM.NS, WIPRO.NS",1.8290023307603407,1.8641624063396123,0.013943729692713402,1.4724129129231442,0.026090263943450948,-0.20596037908687503,0.0,-0.055446216491346956,2022
2022-08-04,0.0204847519416329,0.0198847519416329,0.028874869536496085,0.6,0.0006,"BAJAJFINSV.NS, BAJFINANCE.NS, INDUSINDBK.NS, SHRIRAMFIN.NS, WIPRO.NS",1.8653715884081785,1.917989852617509,0.024586865929012713,1.5086149318053326,-0.008990117594863185,-0.19017109819318923,0.0,-0.032222599253478035,2022
2022-08-12,-0.01146258285294928,-0.01166258285294928,-0.00907555929491506,0.19999999999999996,0.00019999999999999996,"BAJAJFINSV.NS, BAJFINANCE.NS, INDUSINDBK.NS, M&M.NS, WIPRO.NS",1.8436165377068305,1.9005830219830333,-0.013898823298410967,1.4876469594428259,-0.0025870235580342203,-0.19961579485722414,-0.009075559294915103,-0.045673566338649496,2022
2022-08-22,0.030234652319201204,0.029834652319201203,0.015525886970027583,0.4,0.0004,"ADANIENT.NS, BAJAJFINSV.NS, M&M.NS, ONGC.NS, WIPRO.NS",1.8986201961192435,1.9300912591594954,0.010342812188877781,1.503033412547698,0.01430876534917362,-0.1757366103750091,0.0,-0.03580314726840861,2022
2022-08-29,-0.02120317030307174,-0.02200317030307174,0.002104523845861537,0.8,0.0008,"BAJAJ-AUTO.NS, ETERNAL.NS, HINDUNILVR.NS, INFY.NS, WIPRO.NS",1.8568445326031804,1.9341531822390854,-0.007596041774765472,1.4916163079571174,-0.024107694148933278,-0.19387301811151492,0.0,-0.04312722684085524,2022
2022-09-06,-0.0006903116602872397,-0.0012903116602872395,0.021274338778609198,0.6,0.0006,"BAJAJ-AUTO.NS, DRREDDY.NS, ONGC.NS, SHRIRAMFIN.NS, WIPRO.NS",1.8544486244514218,1.9753010122877648,0.021524114350964796,1.5237220279373502,-0.02256465043889644,-0.19491317315591783,0.0,-0.022531387852052998,2022
2022-09-13,0.00593345275531434,0.00513345275531434,-0.01388709443223612,0.8,0.0008,"ADANIENT.NS, COALINDIA.NS, DRREDDY.NS, HINDUNILVR.NS, M&M.NS",1.863968348852201,1.947869820598033,-0.015852274699715285,1.4995675677844802,0.01902054718755046,-0.19078029796638774,-0.013887094432236124,-0.03802648880217174,2022
2022-09-20,-0.05922947014343376,-0.06002947014343376,-0.04573703864256543,0.8,0.0008,"ADANIENT.NS, GRASIM.NS, HINDALCO.NS, INDUSINDBK.NS, TRENT.NS",1.7520753165064722,1.8587800233426537,-0.048523142332912106,1.426803837255055,-0.014292431500868327,-0.23935732790909292,-0.058988978500121414,-0.08470446640651508,2022
2022-09-27,0.01308577236976648,0.01248577236976648,0.02983777219387294,0.6,0.0006,"ADANIENT.NS, ADANIPORTS.NS, BAJAJFINSV.NS, BEL.NS, INDUSINDBK.NS",1.7739513300830585,1.9142418782376736,0.028068830320393534,1.4668525520634537,-0.01735199982410646,-0.22986011665063488,-0.030911306008684414,-0.05901319138106553,2022
2022-10-04,-0.03160151552814622,-0.032001515528146215,-0.018812221263466666,0.4,0.0004,"ADANIENT.NS, BAJAJFINSV.NS, ICICIBANK.NS, INDUSINDBK.NS, WIPRO.NS",1.7171821990472298,1.8782307364724724,-0.01831611013083112,1.4399855191741688,-0.01318929426467955,-0.2545057600864844,-0.04914201694397302,-0.07624840939938915,2022
2022-10-12,0.024446635248526923,0.02404663524852692,0.023444086686990436,0.4,0.0004,"ADANIENT.NS, BAJAJFINSV.NS, BEL.NS, INDUSINDBK.NS, NTPC.NS",1.7584746530429818,1.922264140676503,0.032302122737161154,1.4865001081542675,0.0006025485615364853,-0.23657913201940628,-0.026850019962190608,-0.04640927214116042,2022
2022-10-19,0.0037232257515105614,0.003323225751510561,0.01590566552850868,0.4,0.0004,"ADANIENT.NS, BAJAJFINSV.NS, NTPC.NS, TRENT.NS, WIPRO.NS",1.764318461293353,1.9528390311555495,0.012688009952915413,1.5053608363215387,-0.01258243977699812,-0.23404211213169257,-0.011371421870634335,-0.03431010349507957,2022
2022-10-27,0.05085389781232057,0.050053897812320565,0.019825987782808783,0.8,0.0008,"ADANIENT.NS, BAJAJ-AUTO.NS, ETERNAL.NS, JSWSTEEL.NS, M&M.NS",1.8526294772633212,1.9915559939290317,0.018572739046093023,1.533319510304747,0.030227910029511782,-0.19570293428379137,0.0,-0.016374597047845163,2022
2022-11-03,0.016708140149925423,0.015908140149925424,0.0018044302766049684,0.8,0.0008,"ADANIENT.NS, ADANIPORTS.NS, BAJAJFINSV.NS, SHRIRAMFIN.NS, TATASTEEL.NS",1.8821013666335094,1.9951496178620314,0.011701619483696746,1.5512618317612614,0.014103709873320455,-0.18290806384020408,0.0,-0.004864586868001064,2022
2022-11-11,-0.02400050788286566,-0.02440050788286566,-0.014143267751573582,0.4,0.0004,"ADANIENT.NS, ADANIPORTS.NS, BAJAJ-AUTO.NS, BAJAJFINSV.NS, HDFCLIFE.NS",1.8361771374006162,1.966931682612159,-0.009231261038784577,1.53694172885277,-0.010257240131292079,-0.20284552206949713,-0.014143267751573596,-0.01405094163556142,2022
2022-11-18,0.031153669720545802,0.0301536697205458,0.020262150799052487,1.0,0.001,"APOLLOHOSP.NS, BEL.NS, ETERNAL.NS, M&M.NS, TRENT.NS",1.8915446163502116,2.0067859489766806,0.022180721784954782,1.5710322057401407,0.009891518921493314,-0.17880838922572662,0.0,0.0,2022
2022-11-25,0.01156130251651214,0.01096130251651214,0.014448045455633449,0.6,0.0006,"ETERNAL.NS, INDUSINDBK.NS, ITC.NS, NTPC.NS, TRENT.NS",1.912278409113506,2.0357800835872224,0.007450446795329357,1.5827370976027566,-0.0034867429391213095,-0.16980705955600794,0.0,0.0,2022
2022-12-02,-0.0015283575041209001,-0.0021283575041209,-0.011855911607684117,0.6,0.0006,"ASIANPAINT.NS, ETERNAL.NS, GRASIM.NS, ICICIBANK.NS, INDUSINDBK.NS",1.9082083970115011,2.011644054863529,-0.010903151539989109,1.5654802751796313,0.009727554103563216,-0.17157400693067004,-0.011855911607683955,-0.010903151539989109,2022
2022-12-09,-0.01339409272189324,-0.01419409272189324,-0.0028933155820623454,0.8,0.0008,"ASIANPAINT.NS, BEL.NS, CIPLA.NS, M&M.NS, TRENT.NS",1.8811231100916246,2.005823733774029,-0.004146648010921461,1.558988779510421,-0.011300777139830895,-0.18333276228952267,-0.014714924295952336,-0.015004588019264409,2022
2022-12-16,-0.027028472361035137,-0.027628472361035137,-0.027232165719358593,0.6,0.0006,"BEL.NS, ITC.NS, KOTAKBANK.NS, M&M.NS, MARUTI.NS",1.8291505522367537,1.951200809452072,-0.02203255765130252,1.5246402693481238,-0.0003963066416765443,-0.20589603049476946,-0.04154637075833567,-0.03670655621999852,2022
2022-12-23,0.031194638496350142,0.03019463849635014,0.014211641016770577,1.0,0.001,"ADANIENT.NS, CIPLA.NS, EICHERMOT.NS, TATASTEEL.NS, TRENT.NS",1.8843810919169415,1.978930574907637,0.010150079010351254,1.5401154885443704,0.015982997479579562,-0.18191834820704245,-0.02792517184833232,-0.026929051655478098,2022
2022-12-30,0.0069374314197086,0.0061374314197086,-0.006548572048267018,0.8,0.0008,"ADANIENT.NS, HDFCBANK.NS, M&M.NS, SBIN.NS, SUNPHARMA.NS",1.8959463516371775,1.9659714054593358,-0.0052892028351329,1.5319695053359295,0.012686003467975618,-0.17689742817344112,-0.03429087389679031,-0.03207582127424746,2022
2023-01-06,-0.015463802637372978,-0.016263802637372978,-0.008738481534180196,0.8,0.0008,"BAJAJFINSV.NS, BAJFINANCE.NS, ETERNAL.NS, SUNPHARMA.NS, TRENT.NS",1.865111054363103,1.948791800636003,-0.011399775610516083,1.5145053967329465,-0.007525321103192782,-0.1902842059519424,-0.042729705262632534,-0.04310993971971411,2023
2023-01-13,-0.0013136437228520009,-0.0017136437228520008,0.0027896132797808853,0.4,0.0004,"BAJAJFINSV.NS, ETERNAL.NS, HCLTECH.NS, LT.NS, TRENT.NS",1.861914918512372,1.9542281761225853,0.012500869063342357,1.5334380303932305,-0.004503257002632886,-0.19167177033970695,-0.04005929133609343,-0.03114798236813643,2023
2023-01-20,-0.04116366173066287,-0.04196366173066287,-0.023087488997374044,0.8,0.0008,"ADANIENT.NS, BAJAJFINSV.NS, COALINDIA.NS, HDFCBANK.NS, SUNPHARMA.NS",1.783782150700644,1.9091099546079968,-0.025189674170701726,1.4948112260466624,-0.018876172733288826,-0.22559218273651716,-0.062221911885502745,-0.05555304901191005,2023
2023-01-30,-0.10314608356542723,-0.10394608356542723,-0.011524329995520832,0.8,0.0008,"ADANIENT.NS, ADANIPORTS.NS, BEL.NS, ETERNAL.NS, SBIN.NS",1.5983649822013972,1.8871087414933605,0.0033602708652340496,1.4998341966585718,-0.0924217535699064,-0.3060888424235073,-0.07302917603550285,-0.05237945143874567,2023
2023-02-06,0.003683786438253481,0.003083786438253481,0.008182355705279542,0.6,0.0006,"ADANIENT.NS, ETERNAL.NS, HINDUNILVR.NS, SBILIFE.NS, ULTRACEMCO.NS",1.6032939984568892,1.9025497364708017,0.011756883411393027,1.517467572445107,-0.005098569267026061,-0.30394896860642007,-0.06544437102540912,-0.04123838713107064,2023
2023-02-13,0.03874104403887188,0.03814104403887188,0.0006284332811476688,0.6,0.0006,"ETERNAL.NS, LT.NS, TATASTEEL.NS, TRENT.NS, ULTRACEMCO.NS",1.6644453054592925,1.9037453620442388,-0.005752998093808137,1.5087375843934145,0.037512610757724205,-0.27740085556473537,-0.06485706516507761,-0.0467541408623221,2023
2023-02-20,-0.04980077816969714,-0.050400778169697145,-0.029569680016863678,0.6,0.0006,"ADANIENT.NS, BAJAJFINSV.NS, ETERNAL.NS, LT.NS, ONGC.NS",1.580555966843245,1.8474522208550024,-0.029323992825894263,1.464495374292505,-0.020831098152833467,-0.31382041474903,-0.0925089425181771,-0.07470711559698873,2023
2023-02-27,0.12777642306778994,0.12737642306778993,0.03528759365566762,0.4,0.0004,"ADANIENT.NS, BAJAJFINSV.NS, COALINDIA.NS, ETERNAL.NS, RELIANCE.NS",1.7818815323581898,1.9126443641227944,0.02603169751486001,1.5026186748879993,0.0920888294121223,-0.22641731359762185,-0.06048576683560636,-0.05062017111755712,2023
2023-03-06,-0.047211064805461354,-0.048211064805461355,-0.03479103758818621,1.0,0.001,"CIPLA.NS, HDFCLIFE.NS, ICICIBANK.NS, KOTAKBANK.NS, SBIN.NS",1.6959751263260143,1.8461014821577657,-0.04405949977409873,1.4364140477212148,-0.013420027217275143,-0.2637125586241498,-0.09317244183626472,-0.09244937147373711,2023
2023-03-14,0.01519986978489416,0.01439986978489416,0.006478573935835324,0.8,0.0008,"ADANIENT.NS, ADANIPORTS.NS, BAJAJFINSV.NS, ETERNAL.NS, HDFCLIFE.NS",1.7203969473035283,1.85806158710298,0.010590879521035212,1.4516269358429528,0.007921295849058835,-0.2531101153440847,-0.08729749245364804,-0.08283761210777563,2023
2023-03-21,-0.006832699305434881,-0.007632699305434881,-0.004450852433237578,0.8,0.0008,"ADANIENT.NS, BAJAJ-AUTO.NS, CIPLA.NS, LT.NS, SUNPHARMA.NS",1.7072656747187724,1.8497916291669174,-0.0041512118338745685,1.4456009249285104,-0.0031818468721973034,-0.25881090124793416,-0.09135979663018268,-0.0866449474659785,2023
2023-03-28,0.03761100553151694,0.036811005531516935,0.030040188920180733,0.8,0.0008,"ADANIENT.NS, ADANIPORTS.NS, BAJAJFINSV.NS, GRASIM.NS, HDFCLIFE.NS",1.7701118409146142,1.9053597191700604,0.031810850102877986,1.491586719259993,0.006770816611336203,-0.23152698523387183,-0.06406407326048202,-0.05759034679911257,2023
2023-04-06,0.020139198328417283,0.019339198328417285,0.01181513996602808,0.8,0.0008,"ADANIENT.NS, AXISBANK.NS, CIPLA.NS, HDFCBANK.NS, SHRIRAMFIN.NS",1.8043443848695415,1.9278718109376864,0.002048315102076703,1.4946419588631104,0.007524058362389206,-0.216665333191273,-0.053005859286820445,-0.05565999487411821,2023
2023-04-17,0.0168126120379668,0.0162126120379668,0.005597438311712481,0.6,0.0006,"ADANIENT.NS, AXISBANK.NS, BHARTIARTL.NS, TATACONSUM.NS, TCS.NS",1.8335975203643153,1.9386629544722997,0.006177728216454792,1.5038754506658762,0.01061517372625432,-0.20396543214241314,-0.047705118002625224,-0.04982611897852507,2023
2023-04-24,0.01960294937246752,0.01880294937246752,0.019867049981902692,0.8,0.0008,"ADANIENT.NS, CIPLA.NS, INFY.NS, SBILIFE.NS, TATASTEEL.NS",1.8680745617092076,1.977178468286864,0.01804238273281089,1.5310089471292685,-0.0010641006094351708,-0.18899763446425288,-0.028785827984473267,-0.03268271815441526,2023
2023-05-02,0.024725512857433244,0.023925512857433245,0.01761128753943715,0.8,0.0008,"ADANIENT.NS, APOLLOHOSP.NS, ASIANPAINT.NS, NTPC.NS, TCS.NS",1.9127692036540251,2.011999126808648,0.012451734252299396,1.5500726636768147,0.006314225317996094,-0.16959398694021854,-0.011681495938731468,-0.020637940423217538,2023
2023-05-09,0.0009141916436947601,0.00031419164369476016,-0.003276563599607396,0.6,0.0006,"ADANIENT.NS, ETERNAL.NS, INFY.NS, NTPC.NS, ULTRACEMCO.NS",1.91337017975413,2.005406683707305,-0.007280856354542675,1.5387868072734805,0.0035907552433021564,-0.16933308031004124,-0.014919784373957024,-0.027768534898085173,2023
2023-05-16,0.08359689274470053,0.08299689274470053,0.012950745815419447,0.6,0.0006,"ADANIENT.NS, ICICIBANK.NS, INFY.NS, TCS.NS, TECHM.NS",2.072173959344092,2.031378195924541,0.0057007928623482584,1.5475591121210608,0.07004614692928107,-0.10039030706996299,-0.0021622608935857324,-0.022226044701281755,2023
2023-05-23,0.01081683322386028,0.010416833223860281,0.018060101666113253,0.4,0.0004,"HEROMOTOCO.NS, HINDUNILVR.NS, INFY.NS, TCS.NS, TECHM.NS",2.0937594498894057,2.068065092665264,0.013617421258528273,1.5686328764732873,-0.007643268442252972,-0.0910192229321426,0.0,-0.008911284856361723,2023
2023-05-30,0.0023471979476026006,0.0017471979476026008,0.020770665299127997,0.6,0.0006,"ADANIENT.NS, ADANIPORTS.NS, INFY.NS, SUNPHARMA.NS, TCS.NS",2.0974176621030263,2.1110201805218245,0.010359115803774133,1.5848825260942814,-0.019023467351525398,-0.08943105358403924,0.0,0.0,2023
2023-06-06,0.01611122573038852,0.01551122573038852,0.004378010029267624,0.6,0.0006,"ADANIENT.NS, GRASIM.NS, ICICIBANK.NS, INFY.NS, JSWSTEEL.NS",2.12995118091081,2.1202622480441353,0.001575316098376689,1.5873792170516736,0.011133215701120896,-0.07530701311309929,0.0,0.0,2023
2023-06-13,0.0107807669050746,0.009980766905074599,0.011931592538904088,0.8,0.0008,"DRREDDY.NS, ETERNAL.NS, HDFCBANK.NS, HINDALCO.NS, ICICIBANK.NS",2.1512097271666692,2.1455603532634187,0.005382264601941467,1.5959229120214684,-0.0019508256338294887,-0.06607786795222392,0.0,0.0,2023
2023-06-20,0.00997265365034252,0.00937265365034252,0.0044160519104222105,0.6,0.0006,"HINDALCO.NS, ICICIBANK.NS, INDUSINDBK.NS, LT.NS, ONGC.NS",2.17137227086865,2.1550352591603734,0.006111837469536807,1.6056769334736536,0.004956601739920309,-0.057324539272150754,0.0,0.0,2023
2023-06-27,0.01996949610612162,0.019369496106121622,0.027235707061589506,0.6,0.0006,"ADANIENT.NS, BEL.NS, HDFCBANK.NS, ICICIBANK.NS, ONGC.NS",2.213430657614181,2.2137291681862616,0.027682817542001192,1.6501265950544046,-0.007866210955467884,-0.03906539060624614,0.0,0.0,2023
2023-07-05,0.02022633198666386,0.01962633198666386,-0.005325960299586256,0.6,0.0006,"COALINDIA.NS, EICHERMOT.NS, ETERNAL.NS, ICICIBANK.NS, ONGC.NS",2.256872182529977,2.201938934522466,-0.004285248619149806,1.6430553923415254,0.024952292286250115,-0.020205768944809077,-0.005325960299586097,-0.004285248619149806,2023
2023-07-12,0.0292013730645944,0.0286013730645944,0.01871786980891872,0.6,0.0006,"ADANIENT.NS, ADANIPORTS.NS, COALINDIA.NS, ICICIBANK.NS, WIPRO.NS",2.321421825781622,2.2431545408260467,0.029123708228703915,1.6909072581916786,0.00988350325567568,0.0,0.0,0.0,2023
2023-07-19,0.014536191946149999,0.01413619194615,-0.0025683950826400057,0.4,0.0004,"ADANIENT.NS, ADANIPORTS.NS, ETERNAL.NS, ICICIBANK.NS, KOTAKBANK.NS",2.354237890298853,2.2373932337337874,-0.015979157960080426,1.6638879840171874,0.016704587028790005,0.0,-0.0025683950826400626,-0.015979157960080426,2023
2023-07-26,0.005885410062407679,0.0054854100624076784,-0.006975904219546497,0.4,0.0004,"ADANIENT.NS, ADANIPORTS.NS, KOTAKBANK.NS, POWERGRID.NS, ULTRACEMCO.NS",2.3671518505116,2.221785392833799,-0.014153174455181161,1.6403386871055126,0.012461314281954176,0.0,-0.009526382424092206,-0.029906176605005608,2023
2023-08-02,0.01056371151529184,0.00996371151529184,0.018560690734209375,0.6,0.0006,"ADANIENT.NS, COALINDIA.NS, EICHERMOT.NS, SHRIRAMFIN.NS, ULTRACEMCO.NS",2.3907374686629868,2.2630232643879706,0.00833000366305714,1.6540027143777558,-0.008596979218917535,0.0,0.0,-0.02182529150261614,2023
2023-08-09,-0.0008955348357270992,-0.0012955348357270992,-0.011656605869759333,0.4,0.0004,"ADANIENT.NS, CIPLA.NS, COALINDIA.NS, HCLTECH.NS, SHRIRAMFIN.NS",2.3876401849892557,2.236644094120904,-0.011919768276586584,1.6342873852935278,0.010361071034032233,-0.0012955348357271967,-0.011656605869759251,-0.033484907361922556,2023
2023-08-17,0.0028590687601622207,0.002259068760162221,0.003224501426985969,0.6,0.0006,"EICHERMOT.NS, HCLTECH.NS, POWERGRID.NS, SHRIRAMFIN.NS, TITAN.NS",2.393034028341673,2.243856156194057,-0.0022966993253730195,1.6305339185582586,-0.0009654326668237481,0.0,-0.008469691185034045,-0.03570470192314723,2023
2023-08-24,0.023316545629755298,0.022916545629755296,0.01785055110784722,0.4,0.0004,"AXISBANK.NS, POWERGRID.NS, SHRIRAMFIN.NS, TITAN.NS, TRENT.NS",2.447874101845722,2.2839102251888566,0.008797973254502045,1.6448793123642926,0.0050659945219080765,0.0,0.0,-0.027220857681224953,2023
2023-08-31,0.00834454005768476,0.007744540057684761,0.02174049719314546,0.6,0.0006,"ASIANPAINT.NS, AXISBANK.NS, BAJFINANCE.NS, HDFCLIFE.NS, SHRIRAMFIN.NS",2.4668317608836356,2.333563569028971,0.019791226378708116,1.677433491200948,-0.013995957135460698,0.0,0.0,-0.007968365459108617,2023
2023-09-07,0.007664053978928958,0.0070640539789289586,0.016517757804626734,0.6,0.0006,"BHARTIARTL.NS, COALINDIA.NS, HDFCLIFE.NS, SHRIRAMFIN.NS, TATACONSUM.NS",2.4842575935994544,2.3721088068838916,0.01878916976602052,1.7089510738383311,-0.009453703825697775,0.0,0.0,0.0,2023
2023-09-14,-0.009568979632598503,-0.010568979632598504,-0.013479362412006804,1.0,0.001,"ADANIENT.NS, ASIANPAINT.NS, HEROMOTOCO.NS, ITC.NS, SUNPHARMA.NS",2.4580015256905736,2.3401342925951907,-0.02564331730293501,1.6651278991967033,0.0029103827794082996,-0.010568979632598507,-0.013479362412006757,-0.02564331730293501,2023
2023-09-22,-0.01181434736352674,-0.01201434736352674,-0.0049782749070945475,0.19999999999999996,0.00019999999999999996,"ADANIENT.NS, ASIANPAINT.NS, BAJFINANCE.NS, HEROMOTOCO.NS, ITC.NS",2.4284702415408486,2.3284844607671324,-0.007410628220744453,1.6527882553957673,-0.007036072456432192,-0.022456347603541094,-0.018390533347442006,-0.032863912432800735,2023
2023-09-29,0.00296570549815216,0.00196570549815216,0.004860688893418848,1.0,0.001,"ADANIPORTS.NS, DRREDDY.NS, EICHERMOT.NS, ETERNAL.NS, SUNPHARMA.NS",2.433243898846744,2.339802499324082,0.008249355917557377,1.6664226939708857,-0.0028949833952666877,-0.02053478467134162,-0.013619235115209016,-0.024885662625744986,2023
2023-10-09,0.031015634177331303,0.030415634177331303,0.012007564703669862,0.6,0.0006,"EICHERMOT.NS, ETERNAL.NS, HINDUNILVR.NS, INDUSINDBK.NS, NTPC.NS",2.5072525551382903,2.367897829228524,0.006178330106039853,1.676718403470434,0.018408069473661443,0.0,-0.0017752042583996097,-0.018861084358314573,2023
2023-10-16,-0.0058763549457466,-0.0064763549457466,-0.03130512820795181,0.6,0.0006,"BAJAJ-AUTO.NS, DRREDDY.NS, EICHERMOT.NS, INDUSINDBK.NS, SUNPHARMA.NS",2.4910146976525844,2.2937704841011946,-0.03479542737172858,1.618376270039638,0.02482877326220521,-0.006476354945746721,-0.03302475946944683,-0.05300023223910133,2023
2023-10-23,0.01337282766938654,0.01277282766938654,-0.0038590438190102103,0.6,0.0006,"CIPLA.NS, DRREDDY.NS, INDUSINDBK.NS, KOTAKBANK.NS, SHRIRAMFIN.NS",2.52283199910761,2.2849187232922956,-0.006955284697750641,1.6071200023334287,0.01663187148839675,0.0,-0.03675635929455223,-0.05958688523258204,2023
2023-10-31,0.04935018732110934,0.04895018732110934,0.03458567771900877,0.4,0.0004,"CIPLA.NS, INDUSINDBK.NS, SBILIFE.NS, SHRIRAMFIN.NS, TRENT.NS",2.6463250980436164,2.363944185870212,0.023926800305890117,1.6455732416968623,0.014364509602100568,0.0,-0.0034419251722288546,-0.03708580843050191,2023
2023-11-07,0.02430284520575548,0.02370284520575548,0.0206769119758748,0.6,0.0006,"BEL.NS, CIPLA.NS, NTPC.NS, TITAN.NS, TRENT.NS",2.70905053220665,2.4128232517173314,0.01654533488055132,1.6727998020512111,0.0030259332298806785,0.0,0.0,-0.02115407066974928,2023
2023-11-15,0.015638566214946643,0.015238566214946644,0.0027455462097817004,0.4,0.0004,"BEL.NS, BHARTIARTL.NS, GRASIM.NS, TITAN.NS, TRENT.NS",2.7503325781213173,2.419447769450957,0.0018618978155853227,1.6759143843485618,0.012493020005164944,0.0,0.0,-0.019331559572134727,2023
2023-11-22,0.03369700751064192,0.033097007510641915,0.026787934911573035,0.6,0.0006,"GRASIM.NS, JSWSTEEL.NS, MARUTI.NS, TATASTEEL.NS, TRENT.NS",2.8413603561161613,2.4842597788209595,0.0235279461986162,1.7153452078170017,0.00630907259906888,0.0,0.0,0.0,2023
2023-11-30,0.016722414345231924,0.016122414345231924,0.03152332557042781,0.6,0.0006,"COALINDIA.NS, HEROMOTOCO.NS, ICICIBANK.NS, MARUTI.NS, TRENT.NS",2.8871699450815815,2.5625719086302516,0.03461137989036511,1.7747156724478732,-0.015400911225195883,0.0,0.0,0.0,2023
2023-12-07,0.022362538267402438,0.02156253826740244,0.026663260645479244,0.8,0.0008,"ADANIENT.NS, ADANIPORTS.NS, BAJFINANCE.NS, HINDUNILVR.NS, MARUTI.NS",2.9494246575068974,2.6308984313528434,0.023236239039903017,1.8159533900407343,-0.0051007223780768045,0.0,0.0,0.0,2023
2023-12-14,-0.008075432224368897,-0.008675432224368897,-0.004724078434480447,0.6,0.0006,"ADANIENT.NS, ADANIPORTS.NS, COALINDIA.NS, NESTLEIND.NS, SHRIRAMFIN.NS",2.9238371237898138,2.6184698608099812,-0.0049984502728748215,1.8068764373227573,-0.00395135378988845,-0.00867543222436895,-0.0047240784344803055,-0.0049984502728748215,2023
2023-12-21,0.03475373922993432,0.03415373922993432,0.02448490019381772,0.6,0.0006,"BAJFINANCE.NS, CIPLA.NS, COALINDIA.NS, HINDUNILVR.NS, NESTLEIND.NS",3.0236970944665322,2.6825828340124334,0.01838459126806935,1.8400951220948414,0.009668839036116598,0.0,0.0,0.0,2023
2023-12-29,0.006076539712623339,0.0054765397126233396,-0.0040075864377608315,0.6,0.0006,"BHARTIARTL.NS, CIPLA.NS, COALINDIA.NS, DRREDDY.NS, SBILIFE.NS",3.040256491683322,2.671832151428675,-0.010528076502627215,1.8207224598773157,0.009484126150384171,0.0,-0.0040075864377607795,-0.010528076502627215,2023
2024-01-05,0.013126412011693239,0.012526412011693239,0.024829383625017357,0.6,0.0006,"BAJAJFINSV.NS, DRREDDY.NS, HEROMOTOCO.NS, NTPC.NS, SBILIFE.NS",3.078339997119372,2.738172096898153,0.02716725787895702,1.8701864964708117,-0.012302971613324118,0.0,0.0,0.0,2024
2024-01-12,-0.02574987955229424,-0.02654987955229424,-0.026928690822052653,0.8,0.0008,"ADANIPORTS.NS, INFY.NS, NTPC.NS, TRENT.NS, ULTRACEMCO.NS",2.996610440974843,2.6644367070832113,-0.038857355389753545,1.7975159951323274,0.00037881126975841325,-0.026549879552294264,-0.026928690822052626,-0.038857355389753545,2024
2024-01-19,0.0432885122410102,0.042688512241010196,0.028898825599877085,0.6,0.0006,"ADANIENT.NS, COALINDIA.NS, HDFCBANK.NS, NTPC.NS, TRENT.NS",3.124531282465936,2.7414357988031197,0.022924949601196065,1.8387239587280797,0.01378968664113311,0.0,0.0,-0.01682320870250331,2024
2024-01-30,0.06988897033309112,0.06948897033309112,0.020084158972112225,0.4,0.0004,"BEL.NS, COALINDIA.NS, HEROMOTOCO.NS, NTPC.NS, TRENT.NS",3.341651744058027,2.796495231198121,0.009426660066859993,1.8560569844438004,0.04940481136097889,0.0,0.0,-0.007555135305315708,2024
2024-02-06,0.010908957221944602,0.010508957221944603,0.000480631722502915,0.4,0.0004,"ADANIPORTS.NS, BEL.NS, M&M.NS, NTPC.NS, TRENT.NS",3.3767690192869693,2.797839315518063,-0.004124357344793772,1.8484019421876539,0.010028325499441687,0.0,0.0,-0.011648332572322118,2024
2024-02-13,-0.0012243757994824204,-0.0018243757994824204,0.012318517502136596,0.6,0.0006,"ADANIENT.NS, ADANIPORTS.NS, EICHERMOT.NS, HEROMOTOCO.NS, NTPC.NS",3.37060852360774,2.832304548094438,0.009844299454861094,1.866598164419496,-0.014142893301619016,-0.0018243757994824694,0.0,-0.0019187027914526755,2024
2024-02-20,0.01340198713562488,0.01320198713562488,-0.004145974694478717,0.19999999999999996,0.00019999999999999996,"ADANIENT.NS, ADANIPORTS.NS, BEL.NS, EICHERMOT.NS, HEROMOTOCO.NS",3.415107253975637,2.8205618851109815,-0.004710956762490448,1.8578047011739718,0.017347961830103596,0.0,-0.004145974694478749,-0.006620620628052465,2024
2024-02-27,0.03168160075486198,0.030881600754861984,0.02093358930771716,0.8,0.0008,"ADANIPORTS.NS, AXISBANK.NS, BAJAJFINSV.NS, NTPC.NS, ONGC.NS",3.5205712327279457,2.879606369230895,0.023821092804699795,1.9020596393736446,0.009948011447144824,0.0,0.0,0.0,2024
2024-03-05,-0.0361885827027343,-0.0371885827027343,-0.017257010297838927,1.0,0.001,"BAJAJ-AUTO.NS, COALINDIA.NS, HINDUNILVR.NS, LT.NS, TITAN.NS",3.3896461782787752,2.829912972463355,-0.01456792964524889,1.8743505683661819,-0.019931572404895372,-0.037188582702734285,-0.017257010297838882,-0.01456792964524889,2024
2024-03-13,0.0288065325283473,0.0282065325283473,0.00044286352116831043,0.6,0.0006,"BAJAJ-AUTO.NS, COALINDIA.NS, ETERNAL.NS, ONGC.NS, TRENT.NS",3.485256343465984,2.83116623768694,-0.0060822367942386935,1.862950324373963,0.027763669007178988,-0.01003101114207472,-0.01682178927701594,-0.0205615608417834,2024
2024-03-20,0.014252760041708279,0.014052760041708278,0.027622258356639257,0.19999999999999996,0.00019999999999999996,"BAJAJ-AUTO.NS, COALINDIA.NS, HDFCBANK.NS, ONGC.NS, TRENT.NS",3.5342338145445527,2.909369442954923,0.020445748660306906,1.9010397384727502,-0.013569498314930978,0.0,0.0,-0.0005362086865111637,2024
2024-03-28,-0.00466798063316356,-0.00526798063316356,0.00919241731423967,0.6,0.0006,"ADANIPORTS.NS, COALINDIA.NS, HEROMOTOCO.NS, ONGC.NS, RELIANCE.NS",3.5156155392564603,2.9361135809958614,0.009095395835188258,1.9183304473925826,-0.01446039794740323,-0.0052679806331634715,0.0,0.0,2024
2024-04-05,0.0061256082650463384,0.005525608265046339,-0.02092661445174332,0.6,0.0006,"APOLLOHOSP.NS, ASIANPAINT.NS, BAJAJ-AUTO.NS, COALINDIA.NS, ONGC.NS",3.535041453536901,2.874670664099834,-0.022870974652106968,1.874456360355902,0.02645222271678966,0.0,-0.020926614451743264,-0.022870974652106968,2024
2024-04-15,0.01004589554172006,0.009645895541720061,0.011571818826839624,0.4,0.0004,"ADANIPORTS.NS, ASIANPAINT.NS, COALINDIA.NS, ONGC.NS, TRENT.NS",3.569140094133368,2.9079358322116278,0.011490931217467804,1.8959956094628967,-0.001925923285119563,0.0,-0.009596954615998299,-0.01164285223124295,2024
2024-04-23,0.029117588306427983,0.028717588306427982,0.01338269881425636,0.4,0.0004,"ADANIPORTS.NS, BAJAJ-AUTO.NS, COALINDIA.NS, ONGC.NS, SHRIRAMFIN.NS",3.6716371899646556,2.9468518616253,0.010971986208578866,1.9167984471414496,0.015334889492171622,0.0,0.0,-0.0007986112367738274,2024
2024-04-30,-0.007988147031730699,-0.0087881470317307,-0.031732214846681,0.8,0.0008,"COALINDIA.NS, DRREDDY.NS, INFY.NS, KOTAKBANK.NS, SBIN.NS",3.639370302492076,2.853341725230864,-0.030496871388263957,1.8583420914217528,0.0229440678149503,-0.008788147031730698,-0.031732214846680984,-0.03127112748086058,2024
2024-05-08,0.031379898770603896,0.030579898770603898,0.028908183402304905,0.8,0.0008,"BAJAJ-AUTO.NS, BEL.NS, HEROMOTOCO.NS, ICICIBANK.NS, INFY.NS",3.7506618779310252,2.935826651133287,0.02032788839234878,1.8961182620509782,0.0016717153682989927,0.0,-0.0037413521309254127,-0.011578915077845697,2024
2024-05-15,0.0635016918839661,0.06290169188396609,0.026585426091857083,0.6,0.0006,"ADANIPORTS.NS, BAJAJ-AUTO.NS, BEL.NS, COALINDIA.NS, ETERNAL.NS",3.98658485573758,3.013876853585495,0.02469441679203599,1.942941796701056,0.036316265792109004,0.0,0.0,0.0,2024
2024-05-23,0.0031601549053542803,0.00276015490535428,-0.021778786528220323,0.4,0.0004,"ADANIENT.NS, ADANIPORTS.NS, BAJAJ-AUTO.NS, BEL.NS, SUNPHARMA.NS",3.9975884474827548,2.9482382729689123,-0.018573791893592317,1.9068540001077683,0.0245389414335746,0.0,-0.021778786528220295,-0.018573791893592317,2024
2024-05-30,0.07089386979560267,0.07029386979560266,0.03706366009416979,0.6,0.0006,"BAJAJ-AUTO.NS, BEL.NS, HCLTECH.NS, M&M.NS, WIPRO.NS",4.278594409306512,3.057510774194854,0.03370739471960049,1.97112908056205,0.033230209701432874,0.0,0.0,0.0,2024
2024-06-06,0.03620598568993714,0.03520598568993714,0.018992159141317466,1.0,0.001,"EICHERMOT.NS, HINDALCO.NS, INDUSINDBK.NS, POWERGRID.NS, SHRIRAMFIN.NS",4.429226542853603,3.1155795053946553,0.007533193895588708,1.9859779781191575,0.01621382654861967,0.0,0.0,0.0,2024
2024-06-13,0.004409524683765579,0.0038095246837655788,-0.0013255860338033832,0.6,0.0006,"EICHERMOT.NS, ETERNAL.NS, HINDALCO.NS, NTPC.NS, ONGC.NS",4.446099790698593,3.1114495367151003,0.0030789752319448915,1.9920927551249745,0.005135110717568962,0.0,-0.0013255860338032832,0.0,2024
2024-06-21,0.01374910864339976,0.01334910864339976,0.016547914996535632,0.4,0.0004,"ETERNAL.NS, HEROMOTOCO.NS, HINDALCO.NS, ONGC.NS, SBIN.NS",4.505451259844025,3.1629375391646724,0.025665029703239695,2.0432198748568657,-0.0031988063531358715,0.0,0.0,0.0,2024
2024-06-28,0.027894524962641824,0.027494524962641823,0.010845966201058533,0.4,0.0004,"HINDALCO.NS, JSWSTEEL.NS, NTPC.NS, ONGC.NS, SBIN.NS",4.629326501975774,3.1972426528105116,0.007397976065714129,2.058335566588048,0.01664855876158329,0.0,0.0,0.0,2024
2024-07-05,-0.0014295356087176408,-0.002029535608717641,0.017614706184803597,0.6,0.0006,"ADANIENT.NS, COALINDIA.NS, HINDALCO.NS, M&M.NS, SBIN.NS",4.619931118995633,3.2535611427412907,0.010943355678654676,2.0808606647992463,-0.019644241793521238,-0.0020295356087177696,0.0,0.0,2024
2024-07-12,0.004189946778378418,0.0035899467783784183,-0.010786939151063114,0.6,0.0006,"COALINDIA.NS, HEROMOTOCO.NS, M&M.NS, NTPC.NS, TCS.NS",4.6365164258326015,3.218465176670277,-0.004378320023450177,2.071749990884546,0.014376885929441533,0.0,-0.010786939151063102,-0.004378320023450066,2024
2024-07-22,0.0331032288902388,0.032503228890238794,0.02100572031235425,0.6,0.0006,"BEL.NS, HEROMOTOCO.NS, M&M.NS, MARUTI.NS, TRENT.NS",4.78721818047479,3.2860713560064645,0.015451988043985843,2.1037626469738218,0.011497508577884546,0.0,0.0,0.0,2024
2024-07-29,-0.0588261817783146,-0.059226181778314596,-0.031253629240483326,0.4,0.0004,"AXISBANK.NS, BEL.NS, CIPLA.NS, M&M.NS, TRENT.NS",4.503689526305537,3.183369700188066,-0.034788572082302904,2.0305757484855165,-0.02797255253783127,-0.059226181778314624,-0.03125362924048336,-0.034788572082303015,2024
2024-08-05,0.0154078143062759,0.0148078143062759,0.013469347380675581,0.6,0.0006,"BAJAJ-AUTO.NS, BEL.NS, GRASIM.NS, INFY.NS, M&M.NS",4.57037932450419,3.226247612521016,0.006103945348922668,2.04297027188112,0.0013384669256003186,-0.045295377773881706,-0.01820524784895472,-0.028896974276137688,2024
2024-08-12,0.04120468580375874,0.04100468580375874,0.030560227908275613,0.19999999999999996,0.00019999999999999996,"BAJAJ-AUTO.NS, BEL.NS, INFY.NS, M&M.NS, SHRIRAMFIN.NS",4.757786292709479,3.324842474848188,0.02614852391358391,2.0963909288901443,0.010444457895483126,-0.006148014704103533,0.0,-0.0035040635854436397,2024
2024-08-20,0.011463203850696319,0.010863203850696319,0.009859533835932657,0.6,0.0006,"ADANIENT.NS, BEL.NS, JSWSTEEL.NS, M&M.NS, TRENT.NS",4.8094710950852315,3.3576238717280997,0.011390719474368316,2.1202703298697423,0.0010036700147636624,0.0,0.0,0.0,2024
2024-08-27,-0.01473040809252484,-0.015530408092524841,0.006988174658013602,0.8,0.0008,"BEL.NS, ETERNAL.NS, HINDALCO.NS, INDUSINDBK.NS, TECHM.NS",4.734778046269356,3.3810875337796515,0.005841751837928788,2.1326564229661646,-0.022518582750538443,-0.015530408092524817,0.0,0.0,2024
2024-09-03,-0.0019694173496079197,-0.0027694173496079196,-0.009404881816313585,0.8,0.0008,"ETERNAL.NS, JIOFIN.NS, ONGC.NS, TATASTEEL.NS, ULTRACEMCO.NS",4.721665469801475,3.3492888051138427,-0.011121605824457426,2.1089378588709375,0.006635464466705665,-0.018256815260514814,-0.009404881816313604,-0.011121605824457426,2024
2024-09-10,0.011175614050064581,0.010775614050064582,0.018401962556917468,0.4,0.0004,"ETERNAL.NS, GRASIM.NS, ONGC.NS, SBILIFE.NS, TATASTEEL.NS",4.772544314577572,3.41092229229785,0.01842416269446434,2.147793273095291,-0.007626348506852886,-0.007677929605480971,0.0,0.0,2024
2024-09-17,0.04272263975947245,0.04232263975947245,0.022896414850792364,0.4,0.0004,"ETERNAL.NS, GRASIM.NS, JSWSTEEL.NS, M&M.NS, TATASTEEL.NS",4.9745309883395565,3.4890201841261175,0.024691098631864694,2.200824648642142,0.01942622490868009,0.0,0.0,0.0,2024
2024-09-24,-0.01248634294982574,-0.01308634294982574,-0.018298525972702498,0.6,0.0006,"EICHERMOT.NS, M&M.NS, POWERGRID.NS, TATACONSUM.NS, TATASTEEL.NS",4.90943256981161,3.4251762576676024,-0.028997324270276903,2.137006622643448,0.005212183022876758,-0.01308634294982558,-0.01829852597270254,-0.028997324270276792,2024
2024-10-01,-0.000865503484298059,-0.0016655034842980592,-0.010336271591408168,0.8,0.0008,"BEL.NS, COALINDIA.NS, EICHERMOT.NS, ETERNAL.NS, ONGC.NS",4.901255892760663,3.389772705619907,-0.00996631278759652,2.115708546213018,0.00867076810711011,-0.014730051084343998,-0.028445659029934345,-0.03867464065419235,2024
2024-10-09,-0.044816824202782886,-0.04561682420278289,-0.0168772422839808,0.8,0.0008,"BAJAJ-AUTO.NS, ETERNAL.NS, RELIANCE.NS, TITAN.NS, TRENT.NS",4.677676164327746,3.3325626903795347,-0.009944601251046348,2.0946686683574987,-0.028739581918802087,-0.05967493713631433,-0.04484281703453952,-0.048234638025405285,2024
2024-10-16,-0.01802562739016812,-0.01842562739016812,-0.023507440107765017,0.4,0.0004,"BAJAJ-AUTO.NS, ETERNAL.NS, NTPC.NS, SHRIRAMFIN.NS, TRENT.NS",4.591487046271972,3.2542226725300654,-0.014159650433481996,2.065008892239589,0.005081812717596897,-0.07700101637027701,-0.06729611730660168,-0.061711302845662064,2024
2024-10-23,-0.0171140387985579,-0.017914038798557897,-0.009152340702877336,0.8,0.0008,"M&M.NS, NESTLEIND.NS, ONGC.NS, TATACONSUM.NS, TRENT.NS",4.50923496918198,3.224438917908042,-0.007953096311520857,2.0485856776354607,-0.00876169809568056,-0.09353565597404934,-0.0758325410159082,-0.06917360322214194,2024
2024-10-30,-0.0018205276690276008,-0.0026205276690276008,-6.575285674406117e-05,0.8,0.0008,"BAJAJ-AUTO.NS, BEL.NS, CIPLA.NS, HDFCBANK.NS, TRENT.NS",4.497418394179092,3.224226901837793,-0.00024787908858281416,2.048077876084805,-0.0025547748122835396,-0.09591107086855633,-0.0758933076664462,-0.0694043356210039,2024
2024-11-06,-0.05896274061148772,-0.05976274061148772,-0.031239339377837953,0.8,0.0008,"ADANIPORTS.NS, APOLLOHOSP.NS, BEL.NS, INDUSINDBK.NS, JSWSTEEL.NS",4.228640345266434,3.123504183420127,-0.027548277180422076,1.9916568590673305,-0.02852340123364977,-0.14994190302995636,-0.10476179024958543,-0.0950406429262155,2024
2024-11-13,-0.02975869858194996,-0.03035869858194996,0.019792719623217186,0.6,0.0006,"ADANIENT.NS, ASIANPAINT.NS, BEL.NS, INDUSINDBK.NS, TATACONSUM.NS",4.100264327613017,3.185326825964508,0.029286957924736123,2.0499864296993473,-0.05015141820516715,-0.17574856057301602,-0.08704259136800452,-0.06853713631199942,2024
2024-11-22,0.013480186588532422,0.012880186588532423,0.0028084055896504243,0.6,0.0006,"ADANIPORTS.NS, CIPLA.NS, ETERNAL.NS, INDUSINDBK.NS, TATACONSUM.NS",4.153076497214976,3.19427251562741,0.0022355962889666348,2.054569371754015,0.010071780998881999,-0.16513204823732996,-0.08447863667848976,-0.06645476139062834,2024
2024-11-29,-0.01552912803796076,-0.01612912803796076,0.011510956257758834,0.6,0.0006,"COALINDIA.NS, HEROMOTOCO.NS, INDUSINDBK.NS, ONGC.NS, TATACONSUM.NS",4.08609099463995,3.2310416468301586,0.014127059703421097,2.0835943959336043,-0.027640084295719593,-0.1785977403261001,-0.073940110312252,-0.05326651206894928,2024
2024-12-06,-5.829524773923941e-05,-0.0006582952477392393,0.000159596089842106,0.6,0.0006,"ASIANPAINT.NS, HINDUNILVR.NS, INDUSINDBK.NS, TATACONSUM.NS, TRENT.NS",4.083401140356349,3.2315573084431097,0.00200048742840897,2.0877626003285727,-0.0008178913375813453,-0.1791384655301257,-0.07379231477489823,-0.05137258362828956,2024
2024-12-13,-0.04480569853704356,-0.04520569853704356,-0.03753775530856563,0.4,0.0004,"ADANIPORTS.NS, ASIANPAINT.NS, HEROMOTOCO.NS, INDUSINDBK.NS, TATACONSUM.NS",3.8988081393995797,3.1102519009331653,-0.03708413775804931,2.010339724451885,-0.0076679432284779275,-0.21624608459802586,-0.10856007222779107,-0.08655161341808038,2024
2024-12-20,0.016870331278909162,0.016670331278909163,-0.0005900448788325472,0.19999999999999996,0.00019999999999999996,"ADANIENT.NS, ASIANPAINT.NS, HEROMOTOCO.NS, INDUSINDBK.NS, TATACONSUM.NS",3.9638025626762783,3.1084167127271405,-0.004574006768424899,2.0011444169454085,0.01726037615774171,-0.2031806471871328,-0.1090860617919599,-0.09072973252091288,2024
2024-12-30,0.00556586595185872,0.00536586595185872,0.006295652727122462,0.19999999999999996,0.00019999999999999996,"ADANIENT.NS, ASIANPAINT.NS, BAJAJ-AUTO.NS, HEROMOTOCO.NS, INDUSINDBK.NS",3.9850717958872335,3.127986224881654,0.002668646268529251,2.006484763526478,-0.0009297867752637414,-0.1989050213520921,-0.10347717702724901,-0.08830321181452028,2024
2025-01-06,-0.02685695499442538,-0.027256954994425382,-0.029210109236477093,0.4,0.0004,"ADANIENT.NS, ADANIPORTS.NS, ASIANPAINT.NS, INDUSINDBK.NS, SBILIFE.NS",3.8764508732971814,3.0366174055626654,-0.02243343360702299,1.9614724208004035,0.0019531542420517106,-0.22074043113135822,-0.12966470661927798,-0.10875570118201527,2025
2025-01-13,-0.0023690282703485595,-0.0027690282703485597,-0.001948698675156533,0.4,0.0004,"ADANIENT.NS, ADANIPORTS.NS, INDUSINDBK.NS, JIOFIN.NS, NTPC.NS",3.865716871240404,3.030699953247488,-0.006532622492676166,1.9486588619455187,-0.0008203295951920268,-0.22289822290749506,-0.13136072785243103,-0.11457786373494305,2025
2025-01-20,-0.01217857329992692,-0.01277857329992692,-0.012721485838471769,0.6,0.0006,"ADANIENT.NS, ASIANPAINT.NS, INDUSINDBK.NS, KOTAKBANK.NS, SHRIRAMFIN.NS",3.8163185248444944,2.992144946711593,-0.0029273143991990214,1.9429545247998188,-5.708746145515094e-05,-0.2328284749275752,-0.14241111005179674,-0.11716977270380136,2025
2025-01-27,0.016569963782505838,0.015969963782505838,0.031095752570317724,0.6,0.0006,"ADANIENT.NS, ADANIPORTS.NS, ASIANPAINT.NS, HEROMOTOCO.NS, JIOFIN.NS",3.8772649934687675,3.085187945629063,0.017589248766729515,1.9771296352789656,-0.015125788787811886,-0.22057677345719873,-0.11574373812291405,-0.10164145221710019,2025
2025-02-01,0.018738776083683323,0.018338776083683322,-0.001077090224150042,0.4,0.0004,"ADANIENT.NS, ADANIPORTS.NS, ASIANPAINT.NS, HINDALCO.NS, NTPC.NS",3.948369288001095,3.0818649198531602,0.0008796191711331058,1.9788687564099723,0.019415866307833363,-0.2062831054312083,-0.11669616189822529,-0.10085123881591906,2025
2025-02-07,-0.0336966901627572,-0.0344966901627572,-0.02199822871676379,0.8,0.0008,"ADANIENT.NS, ETERNAL.NS, HEROMOTOCO.NS, ITC.NS, TRENT.NS",3.8121636160247747,3.0140693504720595,-0.0180526403850384,1.943144950381315,-0.012498461445993411,-0.23366371122009377,-0.1361272817551834,-0.11708324805422798,2025
2025-02-14,-0.0024364975327220385,-0.0028364975327220387,-0.008407126906747595,0.4,0.0004,"ADANIENT.NS, ADANIPORTS.NS, ETERNAL.NS, HEROMOTOCO.NS, JIOFIN.NS",3.8013504233335875,2.9887296869369027,-0.01768986217578783,1.9087709840214915,0.005570629374025556,-0.2358374222124534,-0.1433899693287446,-0.13270192370884293,2025
2025-02-21,-0.04496836818354664,-0.04516836818354664,-0.02632749254650316,0.19999999999999996,0.00019999999999999996,"ADANIENT.NS, ADANIPORTS.NS, HEROMOTOCO.NS, JIOFIN.NS, M&M.NS",3.6296496278177752,2.9100439283805586,-0.020870479414478615,1.868934018492517,-0.018840875637043477,-0.2703533988780493,-0.16594236352650193,-0.15080285035629437,2025
2025-03-03,0.02538162350161634,0.02478162350161634,0.016128491084765592,0.6,0.0006,"BAJAJ-AUTO.NS, HEROMOTOCO.NS, JIOFIN.NS, TCS.NS, TRENT.NS",3.719598238337137,2.956978545935721,0.018804355122892913,1.9040781174775054,0.00865313241685075,-0.25227157151981117,-0.15249027237245838,-0.13483424558504575,2025
2025-03-10,0.03069033387811738,0.030490333878117382,0.021408737322361517,0.19999999999999996,0.00019999999999999996,"BAJAJ-AUTO.NS, HEROMOTOCO.NS, INDUSINDBK.NS, JIOFIN.NS, TRENT.NS",3.833010030516493,3.020283722893517,0.01821055350217149,1.9387524339081434,0.009081596555755866,-0.22947308208529027,-0.13434615923553428,-0.1190790983260257,2025
2025-03-18,-0.012231877738702037,-0.012631877738702037,0.017173886281937473,0.4,0.0004,"ETERNAL.NS, HEROMOTOCO.NS, INFY.NS, JIOFIN.NS, TRENT.NS",3.7845919164397905,3.072153732089677,0.025286368274174853,1.9877764419443975,-0.02980576402063951,-0.2392062839067678,-0.11947951861472295,-0.09680380798587951,2025
2025-03-25,0.04197103349424158,0.041571033494241585,0.0011481073963426046,0.4,0.0004,"DRREDDY.NS, ETERNAL.NS, INDUSINDBK.NS, JIOFIN.NS, TRENT.NS",3.941921313760145,3.0756808945121907,-0.010080108824194967,1.967739439091427,0.04042292609789898,-0.20757930285284742,-0.11846858653741332,-0.10590812389098037,2025
2025-04-02,-0.026439557837942995,-0.026839557837942996,-0.020029632598220336,0.4,0.0004,"DRREDDY.NS, HCLTECH.NS, INDUSINDBK.NS, JIOFIN.NS, M&M.NS",3.8361218886668595,3.014076136205746,-0.01813105471406329,1.93206224765824,-0.00680992523972266,-0.22884752398591157,-0.13612533687285877,-0.12211895261611239,2025
2025-04-09,0.07297120082539985,0.07237120082539984,0.05429176872934409,0.6,0.0006,"HCLTECH.NS, INDUSINDBK.NS, INFY.NS, TATASTEEL.NS, TRENT.NS",4.113746636262281,3.1777156607252635,0.05864144559932072,2.045361170848792,0.018079432096055753,-0.1730382932772916,-0.08922405345121998,-0.07063873893327544,2025
2025-04-21,-0.022455693703166458,-0.023255693703166457,0.00497637957355403,0.8,0.0008,"CIPLA.NS, DRREDDY.NS, ONGC.NS, SHRIRAMFIN.NS, TRENT.NS",4.018078604516934,3.1935291800298593,0.006980488833028264,2.0596387916614116,-0.028232073276720487,-0.19226986143308267,-0.08469168663473026,-0.06415134302855019,2025
2025-04-28,0.008944152803472511,0.008344152803472511,-0.0013317117069232935,0.6,0.0006,"BAJAJ-AUTO.NS, MARUTI.NS, SHRIRAMFIN.NS, TECHM.NS, TRENT.NS",4.051606066369387,3.1892763198344127,0.003223674210108829,2.06627839611623,0.009675864510395805,-0.18553003773291032,-0.08591061343108297,-0.0611344718485064,2025
2025-05-06,0.0387736216917338,0.0381736216917338,0.016880783132965673,0.6,0.0006,"BAJAJ-AUTO.NS, DRREDDY.NS, INFY.NS, TCS.NS, TRENT.NS",4.206270543590906,3.2431138017406402,0.010342256863165034,2.0876483780396726,0.021292838558768127,-0.15443876951404578,-0.07048006873226742,-0.051424483396392606,2025
2025-05-13,-0.004980083681951219,-0.005580083681951219,0.00946804728746561,0.6,0.0006,"HINDALCO.NS, INDUSINDBK.NS, INFY.NS, TCS.NS, WIPRO.NS",4.182799201968742,3.2738197565741527,0.005941112413973881,2.1000513317344565,-0.01504813096941683,-0.15915707193837092,-0.06167933006838289,-0.04578888961910732,2025
2025-05-20,0.005208502160129296,0.005008502160129297,-0.0010618142225482822,0.19999999999999996,0.00019999999999999996,"INDUSINDBK.NS, INFY.NS, JSWSTEEL.NS, TCS.NS, WIPRO.NS",4.203748760807191,3.270343568194563,-0.002458344241553778,2.0948886826361197,0.006070316382677579,-0.15494570831684462,-0.06267565230102723,-0.04813466900753882,2025
2025-05-27,-0.00875786355421756,-0.00935786355421756,-0.00793085323731114,0.6,0.0006,"BAJFINANCE.NS, COALINDIA.NS, INFY.NS, ITC.NS, WIPRO.NS",4.164410653487346,3.2444069533196274,-0.00534290561839923,2.0836958901237423,-0.0014270103169064206,-0.1628536110743215,-0.07010943413838622,-0.05322039563245784,2025
2025-06-03,0.023357723631055198,0.0225577236310552,0.027216061350876952,0.8,0.0008,"ADANIPORTS.NS, ICICIBANK.NS, INDUSINDBK.NS, TCS.NS, WIPRO.NS",4.258350278094936,3.332706932008386,0.021169656965166483,2.127807017337389,-0.004658337719821753,-0.14396949419420024,-0.044801475448294825,-0.033177396186380936,2025
2025-06-10,-0.013665570472934901,-0.014665570472934902,-0.012764661490633513,1.0,0.001,"EICHERMOT.NS, GRASIM.NS, KOTAKBANK.NS, POWERGRID.NS, SUNPHARMA.NS",4.195899141993093,3.290166056173811,-0.013099891185767487,2.099932976945957,-0.0019009089823013893,-0.1565236699040773,-0.05699426127054996,-0.04584266709227969,2025
2025-06-17,0.026291694641321122,0.025691694641321122,0.01889917234102355,0.6,0.0006,"BEL.NS, GRASIM.NS, INDUSINDBK.NS, JIOFIN.NS, KOTAKBANK.NS",4.30369890149496,3.352347471500025,0.017439075172173357,2.1365538659874432,0.006792522300297574,-0.1348533335940707,-0.039172233295728054,-0.02920304563762155,2025
2025-06-24,0.0357043771279525,0.035104377127952495,0.010864790160145571,0.6,0.0006,"APOLLOHOSP.NS, CIPLA.NS, INDUSINDBK.NS, JIOFIN.NS, NTPC.NS",4.454777570778194,3.3887700233217672,0.008265100293130212,2.1542126979715044,0.024239586967806925,-0.10448289874556616,-0.028733041230444956,-0.021179311445551185,2025
2025-07-01,0.013130900587291439,0.012330900587291438,-0.0031048796634952688,0.8,0.0008,"BAJAJFINSV.NS, ICICIBANK.NS, NESTLEIND.NS, NTPC.NS, TATACONSUM.NS",4.509708990141955,3.378248300192093,0.000891795139417173,2.1561338143848263,0.015435780250786707,-0.09344036639577835,-0.03174870825855336,-0.020306403913137316,2025
2025-07-08,-0.0027717505873711998,-0.0035717505873711997,-0.0072619299084781,0.8,0.0008,"ADANIPORTS.NS, BEL.NS, NESTLEIND.NS, TECHM.NS, TRENT.NS",4.493601434407542,3.353715697822663,-0.010364570408094687,2.133786413656361,0.0036901793211069006,-0.09667837129959134,-0.038780081272973166,-0.030460507168139084,2025
2025-07-15,-0.0051449178551775,-0.0057449178551774996,-0.0010094971428746468,0.6,0.0006,"BEL.NS, JIOFIN.NS, NTPC.NS, POWERGRID.NS, TRENT.NS",4.467786063292963,3.350330131407697,0.0003113435492854144,2.1344507542918056,-0.004735420712302853,-0.10186787985328027,-0.03975043003460221,-0.030158647301268493,2025
2025-07-22,-0.022485094807376642,-0.02328509480737664,-0.015680823222179056,0.8,0.0008,"BAJAJ-AUTO.NS, BAJAJFINSV.NS, BEL.NS, ITC.NS, SUNPHARMA.NS",4.3637532412301105,3.2977941968811533,-0.014466734750095411,2.103572221392325,-0.007604271585197584,-0.12278097142044675,-0.05480793379040305,-0.044189084900434716,2025
2025-07-29,-0.0004408454431112393,-0.0012408454431112393,-0.006666592096788352,0.8,0.0008,"BEL.NS, DRREDDY.NS, SBILIFE.NS, TCS.NS, TRENT.NS",4.358338497905868,3.275809148151391,-0.011299577094884383,2.0798027449020453,0.005425746653677113,-0.12386946465467019,-0.06110914374894305,-0.05498934402373423,2025
2025-08-05,0.0078124888499913805,0.00701248884999138,0.009456974807090403,0.8,0.0008,"BAJAJ-AUTO.NS, EICHERMOT.NS, ITC.NS, MARUTI.NS, SBILIFE.NS",4.388901298026921,3.3067883927382953,0.0018373087246135178,2.083623984630729,-0.002444485957099023,-0.1177256090444242,-0.05223007657476908,-0.05325306770065619,2025
2025-08-12,0.021904062015509363,0.021304062015509363,0.021687057553323574,0.6,0.0006,"BAJAJ-AUTO.NS, SBILIFE.NS, SBIN.NS, TCS.NS, TRENT.NS",4.482402723460036,3.3785029029282736,0.018863227420441664,2.1229278577115056,-0.0003829955378142104,-0.09892958070481073,-0.031675735698136864,-0.03539436500708815,2025
2025-08-20,-0.02319410025001846,-0.023994100250018458,-0.022344078164277904,0.8,0.0008,"AXISBANK.NS, COALINDIA.NS, HCLTECH.NS, HDFCBANK.NS, TCS.NS",4.374851503152381,3.3030133699870046,-0.026188284870683254,2.0673320182138473,-0.0016500220857405545,-0.12054995467770568,-0.05331204874806461,-0.06065573216414888,2025
2025-08-28,0.010630255338576661,0.010030255338576662,0.018221515526614156,0.6,0.0006,"ETERNAL.NS, HCLTECH.NS, TCS.NS, TECHM.NS, TRENT.NS",4.418732380797355,3.3631992793928367,0.012860863993874538,2.093919694130278,-0.008191260188037494,-0.11172884616560019,-0.03606195954546898,-0.048574953292086276,2025
2025-09-04,0.03632435809631658,0.03552435809631658,0.01571772723284918,0.8,0.0008,"AXISBANK.NS, DRREDDY.NS, INFY.NS, TATASTEEL.NS, TCS.NS",4.5757050122245895,3.4160611282960485,0.015076189321369338,2.12548802386273,0.019806630863467397,-0.0801735836101587,-0.020911044356237474,-0.034231089162825024,2025
2025-09-11,0.00651896736670754,0.0057189673667075395,0.009671220882666226,0.8,0.0008,"APOLLOHOSP.NS, BEL.NS, ICICIBANK.NS, INFY.NS, TECHM.NS",4.601873319869182,3.449098610016489,0.008483347186827972,2.1435192767106024,-0.0039522535159586866,-0.0749131263517897,-0.011442058802427768,-0.026038136189948546,2025
2025-09-18,-0.02082663826155978,-0.021626638261559777,-0.028428436915295986,0.8,0.0008,"BHARTIARTL.NS, ICICIBANK.NS, INDUSINDBK.NS, ITC.NS, ONGC.NS",4.502350270254849,3.3510461277670003,-0.02654677673713801,2.0866157490400146,0.006801798653736209,-0.0949196455286967,-0.03954521587087778,-0.05189368433900077,2025
2025-09-25,0.05031479719595304,0.04931479719595304,0.01913650136995195,1.0,0.001,"HCLTECH.NS, KOTAKBANK.NS, SHRIRAMFIN.NS, TCS.NS, TRENT.NS",4.724382760737611,3.415173426581786,0.01715499216284666,2.1224116258616683,0.030178295826001088,-0.050285791401903035,-0.021165471578613815,-0.035628927924290954,2025
2025-10-03,0.01561454912858366,0.014814549128583659,0.0065421390990224185,0.8,0.0008,"ETERNAL.NS, HDFCBANK.NS, MARUTI.NS, SUNPHARMA.NS, TCS.NS",4.794372361248792,3.437515966185769,0.005969427614556988,2.135081208430544,0.00827241002956124,-0.036216203600512586,-0.014761799938755149,-0.029872184615962194,2025
2025-10-10,0.029715425636223418,0.02891542563622342,0.021837470535284207,0.8,0.0008,"CIPLA.NS, HDFCBANK.NS, INDUSINDBK.NS, POWERGRID.NS, RELIANCE.NS",4.933003678732846,3.5125826198119197,0.024410046667017182,2.187198640366205,0.007077955100939212,-0.008347984906326156,0.0,-0.006191319369466375,2025
2025-10-17,0.007116579156829958,0.006716579156829958,0.0045336330812549164,0.4,0.0004,"CIPLA.NS, EICHERMOT.NS, GRASIM.NS, INDUSINDBK.NS, POWERGRID.NS",4.966136588421989,3.52850738057774,0.003600521868214468,2.1950736969009723,0.0021829460755750417,-0.0016874756509195343,0.0,-0.0026130894820348693,2025
2025-10-27,-0.02407589270499708,-0.024875892704997078,-0.012516165212823288,0.8,0.0008,"EICHERMOT.NS, ICICIBANK.NS, JIOFIN.NS, MARUTI.NS, TRENT.NS",4.842599507490043,3.4843439992477627,-0.01305313956257148,2.1664210935851944,-0.01235972749217379,-0.02652139089268213,-0.012516165212823172,-0.015632120022907703,2025
2025-11-03,0.030091980888634778,0.029491980888634778,0.01146183164816654,0.6,0.0006,"COALINDIA.NS, JIOFIN.NS, MARUTI.NS, TCS.NS, TECHM.NS",4.9854173596162505,3.5242809635714396,0.010866246955496761,2.1899619601976883,0.018030149240468238,0.0,-0.0011977917432067775,-0.0049357355440179385,2025
2025-11-11,-0.0057355189437424,-0.006535518943742401,0.004274240605773216,0.8,0.0008,"EICHERMOT.NS, HDFCLIFE.NS, HINDALCO.NS, TCS.NS, TRENT.NS",4.952835070020017,3.53934458837209,0.006834555995776093,2.204929377843279,-0.010809759549515616,-0.006535518943742269,0.0,0.0,2025
2025-11-18,0.01842876661961798,0.01782876661961798,0.005987512573499335,0.6,0.0006,"HDFCLIFE.NS, HEROMOTOCO.NS, JIOFIN.NS, TRENT.NS, WIPRO.NS",5.041138010588863,3.560536458596915,0.005859303692185236,2.2178487286878834,0.011841254046118646,0.0,0.0,0.0,2025
2025-11-25,0.0032667240554636197,0.00266672405546362,-0.010114038620869095,0.6,0.0006,"HDFCBANK.NS, ICICIBANK.NS, TECHM.NS, TRENT.NS, WIPRO.NS",5.054581334588613,3.5245250553436533,-0.008368565699002017,2.1992885158914106,0.012780762676332715,0.0,-0.010114038620869126,-0.008368565699002128,2025
2025-12-02,-0.01662734157510696,-0.01722734157510696,-0.008259285335735726,0.6,0.0006,"BAJFINANCE.NS, ICICIBANK.NS, KOTAKBANK.NS, MARUTI.NS, TRENT.NS",4.967504335418495,3.4954149972386204,-0.008773955206649697,2.1799920569664804,-0.008968056239371233,-0.01722734157510697,-0.01828978922573843,-0.017069095485064745,2025
2025-12-09,0.01449458160006598,0.01429458160006598,0.0032634852604275697,0.19999999999999996,0.00019999999999999996,"BAJFINANCE.NS, KOTAKBANK.NS, MARUTI.NS, SHRIRAMFIN.NS, TRENT.NS",5.038512731489815,3.5068222325611864,0.0023507563184252955,2.1851166870685113,0.01103109633963841,-0.0031790176149386618,-0.015085992422865235,-0.014758464450700837,2025
2025-12-16,0.04303476838810679,0.04243476838810679,0.014124932810179581,0.6,0.0006,"ETERNAL.NS, GRASIM.NS, SHRIRAMFIN.NS, TRENT.NS, ULTRACEMCO.NS",5.2523208522711125,3.556355860973357,0.01253164172018395,2.212499786507649,0.028309835577927205,0.0,-0.0011741482420335458,-0.0024117705193531513,2025
2025-12-23,-0.060558771173670464,-0.061358771173670466,0.00012407589779433515,0.8,0.0008,"BAJAJ-AUTO.NS, BHARTIARTL.NS, CIPLA.NS, DRREDDY.NS, TRENT.NS",4.930044898965911,3.5567971190196834,0.0001702683388675741,2.2128765051710424,-0.0614828470714648,-0.0613587711736705,-0.001050218027736527,-0.00224191282864572,2025
2025-12-31,-0.04412228453295506,-0.04472228453295506,-0.0027967854601181246,0.6,0.0006,"ADANIENT.NS, BHARTIARTL.NS, HDFCBANK.NS, ITC.NS, TRENT.NS",4.709562028234115,3.546849520552619,-0.010314980898681547,2.190050726289062,-0.041925499072836936,-0.1033369512836041,-0.003844066253344658,-0.01253376843932319,2025
2026-01-07,0.0006813559249091792,-0.00011864407509082082,-0.0023415396756750364,0.8,0.0008,"CIPLA.NS, HEROMOTOCO.NS, ITC.NS, ONGC.NS, POWERGRID.NS",4.709003266603192,3.538544431676596,-0.00705263595665373,2.17460509578994,0.0022228956005842155,-0.10344333504168712,-0.00617660489537164,-0.019498008290009472,2026
2026-01-14,-0.01869018415946794,-0.01949018415946794,-0.01573459770456523,0.8,0.0008,"APOLLOHOSP.NS, ASIANPAINT.NS, HINDUNILVR.NS, ITC.NS, SHRIRAMFIN.NS",4.61722392572956,3.4828668585844356,-0.025130008292344796,2.1199572517001637,-0.003755586454902711,-0.12091738955112308,-0.02181401620672807,-0.044138031472342076,2026
2026-01-21,-0.0122361242331106,-0.0128361242331106,0.0019879786693407326,0.6,0.0006,"ADANIENT.NS, ITC.NS, JIOFIN.NS, SHRIRAMFIN.NS, TRENT.NS",4.557956665806804,3.489790723607455,0.0012159003999636653,2.1225349085704117,-0.014824102902451331,-0.13220140315001205,-0.019869403336299052,-0.04297579852249933,2026
2026-01-29,0.05268951542547878,0.052489515425478785,0.01514392496663391,0.19999999999999996,0.00019999999999999996,"ADANIENT.NS, ASIANPAINT.NS, ITC.NS, JIOFIN.NS, TRENT.NS",4.797201602525334,3.542639852475021,0.014732987595892144,2.153806189050228,0.03734559045884488,-0.08665107531444582,-0.00502637912292192,-0.028875972833162677,2026
2026-02-05,0.005325326538474821,0.004725326538474821,-0.003231314849938862,0.6,0.0006,"ADANIENT.NS, ETERNAL.NS, HINDALCO.NS, SHRIRAMFIN.NS, TRENT.NS",4.8198699465681605,3.5311924677117332,-0.008663587421952723,2.1351465008414485,0.007956641388413684,-0.08233520340174183,-0.008241452159359564,-0.037289390740081196,2026
2026-02-12,-0.007408818328954439,-0.00800881832895444,0.005132923116879036,0.6,0.0006,"ADANIENT.NS, ITC.NS, TCS.NS, TECHM.NS, TRENT.NS",4.781268483796909,3.5493178071594,0.003931922538127797,2.143541731490312,-0.013141741445833476,-0.08968461404457417,-0.0031508317827858567,-0.03350408719783737,2026
2026-02-19,-0.01888121520920936,-0.019281215209209362,-0.008438408395845325,0.4,0.0004,"ADANIENT.NS, CIPLA.NS, ITC.NS, JIOFIN.NS, TRENT.NS",4.689079817187811,3.519367213975943,-0.015353164564696709,2.1106315825354462,-0.010842806813364038,-0.1072366009094351,-0.011562652173261356,-0.04834285799819571,2026
2026-02-26,-0.06042396506609493,-0.06082396506609493,-0.044830228862947546,0.4,0.0004,"ASIANPAINT.NS, ETERNAL.NS, ITC.NS, JIOFIN.NS, TRENT.NS",4.403871390195049,3.3615931763206475,-0.04569742982743086,2.014181143900973,-0.015993736203147382,-0.16153801070800777,-0.0558745246930189,-0.09183114346459664,2026
2026-03-06,-0.0125919668134128,-0.0127919668134128,-0.024959329322602784,0.19999999999999996,0.00019999999999999996,"ETERNAL.NS, ITC.NS, JIOFIN.NS, TATASTEEL.NS, TRENT.NS",4.347537213521136,3.277690065184246,-0.025771961514382324,1.9622717449773628,0.012167362509189983,-0.172263588649339,-0.07943926335306473,-0.11523643628378766,2026
2026-03-13,-0.04277796169512148,-0.04337796169512148,-0.036120972604730746,0.6,0.0006,"HDFCLIFE.NS, JIOFIN.NS, M&M.NS, MARUTI.NS, TRENT.NS",4.158949910804901,3.1592967121329276,-0.03828262707685559,1.8871508275409437,-0.007256989090390735,-0.20816910699456537,-0.11269081250247948,-0.1491075098447252,2026
2026-03-20,0.019505993628378744,0.018905993628378744,0.01358936990700844,0.6,0.0006,"HDFCBANK.NS, ITC.NS, JIOFIN.NS, TRENT.NS, WIPRO.NS",4.237578991319324,3.2022295638000977,0.007406946632522615,1.9011288530080603,0.005316623721370305,-0.19319875717665125,-0.10063283973168857,-0.14280499458013074,2026
2026-03-30,0.062369295880891906,0.06216929588089191,0.049935294698214734,0.19999999999999996,0.00019999999999999996,"ADANIENT.NS, HDFCBANK.NS, ITC.NS, JIOFIN.NS, WIPRO.NS",4.501026293449306,3.362133840759791,0.04831253030847016,1.9929771983393194,0.012234001182677173,-0.1430404919944952,-0.05572267554179389,-0.10139173490051401,2026
2026-04-08,0.04700114052829769,0.046201140528297685,0.027267587403879738,0.8,0.0008,"ADANIPORTS.NS, JIOFIN.NS, SHRIRAMFIN.NS, TITAN.NS, TRENT.NS",4.70897884175452,3.4538111191262506,0.024330126114252115,2.041466584917744,0.018933553124417947,-0.10344798533807198,-0.02997451106362814,-0.07952848248333433,2026
2026-04-16,-0.02283322494342706,-0.023233224943427062,-0.01109512349085957,0.4,0.0004,"HDFCBANK.NS, INFY.NS, JIOFIN.NS, SHRIRAMFIN.NS, TRENT.NS",4.599574077070199,3.415490658245441,-0.01870780842565145,2.003275219139734,-0.012138101452567492,-0.12427777996819533,-0.04073706365265861,-0.09674848729430474,2026
2026-04-23,0.006662110104017101,0.006062110104017101,0.009804876095714217,0.6,0.0006,"HCLTECH.NS, HDFCBANK.NS, HDFCLIFE.NS, INFY.NS, TCS.NS",4.627457201556981,3.4489791209556064,0.009262366426251,2.0218302882720343,-0.0037427659916971154,-0.11896905544982839,-0.031331609418562056,-0.08838224080855905,2026
2026-04-30,0.007246400455831481,0.007246400455831481,0.016178979347159703,0.0,0.0,"HCLTECH.NS, HDFCBANK.NS, HDFCLIFE.NS, INFY.NS, TCS.NS",4.660989609531684,3.504780082922332,-0.012581259076585583,1.996393117606396,-0.008932578891328223,-0.11258475241163846,-0.01565954353309862,-0.09985154001576302,2026
2026-05-07,-0.014014220926425541,-0.01441422092642554,-0.01783924962385736,0.4,0.0004,"ADANIENT.NS, HCLTECH.NS, INFY.NS, ITC.NS, TCS.NS",4.59380507556412,3.442257436146357,-0.022032059778696267,1.9524084650975142,0.003425028697431819,-0.12537615184385564,-0.0332194386508734,-0.11968366469583713,2026
2026-05-14,0.021006293535227576,0.020606293535227575,0.003960415465624784,0.4,0.0004,"BHARTIARTL.NS, HCLTECH.NS, INFY.NS, JIOFIN.NS, TCS.NS",4.688466371394813,3.455890205733133,0.003205988167995333,1.9586678635357107,0.01664587806960279,-0.10735339609583983,-0.02939058596384081,-0.11686138094075893,2026
2026-05-21,-0.0009890721312892793,-0.0019890721312892795,-0.0022655896357187373,1.0,0.001,"ADANIENT.NS, HDFCBANK.NS, HDFCLIFE.NS, KOTAKBANK.NS, SBILIFE.NS",4.679140673596984,3.448060576700842,-0.014195240196168024,1.930864102748306,0.00027651750442945783,-0.10912893457875572,-0.03158958859261218,-0.129397745764817,2026
2026-06-04,-0.028736988208971203,-0.029136988208971204,-0.0030203597713147645,0.4,0.0004,"HCLTECH.NS, HDFCLIFE.NS, INFY.NS, TCS.NS, TRENT.NS",4.505927596443348,3.4035639586559023,0.010964371539024187,1.952034814162203,-0.026116628437656438,-0.1421073229951333,-0.0440867553994575,-0.11985213918667048,2026
2026-06-11,0.022404047396219755,0.022204047396219756,0.0210901293271058,0.19999999999999996,0.00019999999999999996,"HCLTECH.NS, INFY.NS, TCS.NS, TRENT.NS, WIPRO.NS",4.60597742635871,3.475345562717031,0.016517837026686744,1.984278207092953,0.001113918069113956,-0.12305863333404743,-0.023926421445338852,-0.10531400026236892,2026
2026-06-18,-0.008238438157811482,-0.009038438157811482,-0.006344936910305558,0.8,0.0008,"ADANIENT.NS, ADANIPORTS.NS, COALINDIA.NS, SHRIRAMFIN.NS, TCS.NS",4.564346584234292,3.453294714380081,-0.002783880900943836,1.978754212890068,-0.002693501247505924,-0.13098481364468428,-0.03011954672108441,-0.10780469952938032,2026
2026-06-25,0.02816689325371416,0.027766893253714158,0.01590153042134833,0.4,0.0004,"ADANIENT.NS, ADANIPORTS.NS, HCLTECH.NS, INFY.NS, TCS.NS",4.691084308611679,3.508207385334677,0.020216092681526243,2.018756891451814,0.01186536283236583,-0.10685496172929976,-0.014696963188198575,-0.0897679966450442,2026
2026-07-02,0.0019229776909696593,0.0017229776909696594,-0.0034256654655695734,0.19999999999999996,0.00019999999999999996,"ADANIENT.NS, HCLTECH.NS, INFY.NS, TCS.NS, WIPRO.NS",4.699166942221876,3.49618944044868,-0.0026348158296567448,2.013437838837988,0.005148643156539233,-0.10531609275355902,-0.018072281774525578,-0.09216629033614399,2026
2026-07-09,0.025276783247391764,0.025076783247391765,0.002950275781806596,0.19999999999999996,0.00019999999999999996,"ADANIENT.NS, HDFCLIFE.NS, INFY.NS, TCS.NS, WIPRO.NS",4.817006933075282,3.5065041634834433,0.0052629782652529045,2.0240345184222304,0.022126507465585168,-0.08288029833661059,-0.015175324207960528,-0.08738838125371917,2026
2026-07-16,-0.0015194666561866813,-0.0021194666561866814,-0.008526054934914172,0.6,0.0006,"ADANIENT.NS, HCLTECH.NS, INDUSINDBK.NS, SBILIFE.NS, TCS.NS",4.806797447498009,3.476607516356078,-0.023294343552158647,1.976885962988675,0.00640658827872749,-0.08482410296401799,-0.023571993495022592,-0.10864706983048655,2026
2026-07-23,0.028866844254452483,0.028066844254452484,0.027810576312709178,0.8,0.0008,"ADANIENT.NS, COALINDIA.NS, HINDALCO.NS, INFY.NS, WIPRO.NS",4.941709082819635,3.573293974999037,0.025924127783090833,2.028135007305792,0.00025626794174330586,-0.05913800359648025,0.0,-0.0855395225689396,2026
2026-07-30,-0.01791813509630036,-0.01891813509630036,0.010743266031684755,1.0,0.001,"HDFCLIFE.NS, NTPC.NS, ONGC.NS, POWERGRID.NS, TATACONSUM.NS",4.848221162784239,3.6116828227818685,0.007671171781301833,2.043693179342507,-0.029661401127985113,-0.07693735795141687,0.0,-0.07852453915935464,2026
2026-08-06,-0.00845818854720842,-0.00865818854720842,-0.007913870237302818,0.19999999999999996,0.00019999999999999996,"HDFCLIFE.NS, MARUTI.NS, NTPC.NS, ONGC.NS, TATACONSUM.NS",4.806244349838287,3.583100433584077,-0.008329058749828033,2.02667113878514,-0.0007443183099056019,-0.0849294083471579,-0.007913870237302834,-0.08619956240922122,2026
2026-08-13,-0.00423876165028766,-0.00523876165028766,-0.005618220517311309,1.0,0.001,"BAJFINANCE.NS, CIPLA.NS, RELIANCE.NS, TATASTEEL.NS, TRENT.NS",4.781065581256442,3.5629697852125277,-0.004678650578675225,2.0171890526888787,0.0003794588670236491,-0.08972324507001483,-0.0134876288864757,-0.09047491535534902,2026
